year,title,studio,total_gross,total_theaters,opening_gross,opening_theaters,opening_date
2019,Avengers: Endgame,BV,"$858,373,000",4662,"$357,115,007",4662,4/26
2019,The Lion King (2019),BV,"$541,602,701",4802,"$191,770,759",4725,7/19
2019,Toy Story 4,BV,"$433,400,980",4575,"$120,908,065",4575,6/21
2019,Captain Marvel ,BV,"$426,829,839",4310,"$153,433,423",4310,3/8
2019,Spider-Man: Far from Home,Sony,"$390,361,240",4634,"$92,579,212",4634,7/2
2019,Aladdin (2019),BV,"$355,487,548",4476,"$91,500,929",4476,5/24
2019,It: Chapter Two,WB (NL),"$203,910,424",4570,"$91,062,152",4570,9/6
2019,Us,Uni.,"$175,005,930",3743,"$71,117,625",3741,3/22
2019,Fast & Furious Presents: Hobbs & Shaw,Uni.,"$173,349,350",4344,"$60,038,950",4253,8/2
2019,John Wick: Chapter 3 - Parabellum,LG/S,"$171,015,687",3850,"$56,818,067",3850,5/17
2019,How to Train Your Dragon: The Hidden World,Uni.,"$160,799,505",4286,"$55,022,245",4259,2/22
2019,The Secret Life of Pets 2,Uni.,"$158,257,265",4564,"$46,652,680",4561,6/7
2019,Pokemon Detective Pikachu,WB,"$144,105,346",4248,"$54,365,242",4202,5/10
2019,Shazam!,WB (NL),"$140,371,656",4306,"$53,505,326",4217,4/5
2019,Once Upon a Time in Hollywood,Sony,"$139,501,916",3659,"$41,082,018",3659,7/26
2019,Joker (2019),WB,"$137,728,787",4374,"$96,202,337",4374,10/4
2019,Dumbo (2019),BV,"$114,766,307",4259,"$45,990,748",4259,3/29
2019,Glass,Uni.,"$111,035,005",3844,"$40,328,920",3841,1/18
2019,Godzilla: King of the Monsters,WB,"$110,500,138",4108,"$47,776,293",4108,5/31
2019,The Upside,STX,"$108,252,517",3568,"$20,355,000",3080,1/11
2019,The LEGO Movie 2: The Second Part,WB,"$105,806,508",4303,"$34,115,335",4303,2/8
2019,Rocketman  ,Par.,"$96,368,160",3610,"$25,725,722",3610,5/31
2019,Hustlers,STX,"$94,165,339",3525,"$33,181,361",3250,9/13
2019,Alita: Battle Angel,Fox,"$85,710,210",3802,"$28,525,613",3790,2/14
2019,Good Boys,Uni.,"$82,414,810",3458,"$21,402,605",3204,8/16
2019,Men in Black International,Sony,"$80,001,807",4224,"$30,035,838",4224,6/14
2019,Downton Abbey,Focus,"$77,787,590",3548,"$31,033,665",3079,9/20
2019,Annabelle Comes Home,WB (NL),"$74,152,591",3613,"$20,269,723",3613,6/26
2019,Yesterday,Uni.,"$73,286,650",2755,"$17,010,050",2603,6/28
2019,Tyler Perry's A Madea Family Funeral,LGF,"$73,257,045",2442,"$27,062,332",2442,3/1
2019,Angel has Fallen,LGF,"$68,572,475",3336,"$21,380,987",3286,8/23
2019,Scary Stories to Tell in the Dark,LGF,"$67,676,254",3135,"$20,915,346",3135,8/9
2019,Dark Phoenix,Fox,"$65,845,974",3721,"$32,828,348",3721,6/7
2019,Dora and the Lost City of Gold,Par.,"$60,146,920",3735,"$17,431,588",3735,8/9
2019,Escape Room,Sony,"$57,005,601",2717,"$18,238,172",2717,1/4
2019,The Curse of La Llorona ,WB (NL),"$54,733,739",3372,"$26,347,631",3372,4/19
2019,Pet Sematary (2019),Par.,"$54,724,696",3585,"$24,502,775",3585,4/5
2019,What Men Want,Par.,"$54,611,903",2912,"$18,232,087",2912,2/8
2019,Isn't It Romantic,WB (NL),"$48,791,187",3444,"$14,247,758",3444,2/13
2019,Five Feet Apart,LGF,"$45,729,221",2866,"$13,190,286",2803,3/15
2019,Ma (2019),Uni.,"$45,373,120",2816,"$18,099,805",2808,5/31
2019,Wonder Park,Par.,"$45,216,793",3838,"$15,853,646",3838,3/15
2019,Ad Astra,Fox,"$45,088,432",3460,"$19,001,398",3460,9/20
2019,A Dog's Way Home,Sony,"$42,004,346",3090,"$11,251,263",3090,1/11
2019,Abominable,Uni.,"$41,801,350",4248,"$20,612,100",4242,9/27
2019,Rambo: Last Blood,LGF,"$41,360,586",3618,"$18,872,919",3618,9/20
2019,The Angry Birds Movie 2,Sony,"$41,310,366",3869,"$10,354,073",3869,8/13
2019,Breakthrough,Fox,"$40,713,082",2913,"$11,282,333",2824,4/17
2019,Little,Uni.,"$40,673,960",2667,"$15,405,455",2667,4/12
2019,Crawl ,Par.,"$39,014,193",3170,"$12,005,210",3170,7/12
2019,The Intruder (2019) ,SGem,"$35,419,122",2231,"$10,855,054",2222,5/3
2019,The Hustle,UAR,"$35,417,038",3077,"$13,007,709",3007,5/10
2019,Overcomer,Affirm,"$34,138,775",2293,"$8,146,533",1723,8/23
2019,Cold Pursuit,LG/S,"$32,138,862",2630,"$11,030,233",2630,2/8
2019,Dragon Ball Super: Broly,FUN,"$30,712,119",1267,"$9,816,197",1238,1/16
2019,Long Shot,LG/S,"$30,316,271",3230,"$9,740,064",3230,5/3
2019,Child's Play (2019),UAR,"$29,208,403",3007,"$14,094,594",3007,6/21
2019,Ready or Not,FoxS,"$28,648,387",2998,"$8,015,590",2855,8/21
2019,Happy Death Day 2U,Uni.,"$28,051,045",3212,"$9,497,665",3207,2/13
2019,Midsommar,A24,"$27,426,361",2707,"$6,560,030",2707,7/3
2019,The Art of Racing in the Rain,Fox,"$26,277,008",2765,"$8,137,584",2765,8/9
2019,Fighting with My Family,MGM,"$22,958,583",2855,"$138,780",4,2/14
2019,Booksmart,UAR,"$22,680,962",2518,"$6,933,620",2505,5/24
2019,A Dog's Journey,Uni.,"$22,546,590",3279,"$8,030,085",3267,5/17
2019,Stuber,Fox,"$22,370,452",3050,"$8,225,384",3050,7/12
2019,47 Meters Down: Uncaged,ENTMP,"$22,145,739",2883,"$8,427,265",2853,8/16
2019,Hellboy (2019),LG/S,"$21,903,748",3303,"$12,045,147",3303,4/12
2019,Shaft (2019) ,WB (NL),"$21,360,215",2952,"$8,901,419",2952,6/14
2019,Uglydolls,STX,"$20,150,241",3652,"$8,603,407",3652,5/3
2019,The Peanut Butter Falcon,RAtt.,"$19,235,006",1490,"$204,793",17,8/9
2019,Unplanned,PFR,"$19,005,109",1516,"$6,382,298",1059,3/29
2019,The Farewell ,A24,"$17,584,630",891,"$355,662",4,7/12
2019,Brightburn,SGem,"$17,300,439",2607,"$7,845,658",2607,5/24
2019,The Kid Who Would be King,Fox,"$16,790,790",3528,"$7,173,887",3521,1/25
2019,Missing Link,UAR,"$16,649,539",3437,"$5,944,950",3413,4/12
2019,Late Night ,Amazon,"$15,499,454",2220,"$246,305",4,6/7
2019,Miss Bala,Sony,"$15,006,824",2203,"$6,864,744",2203,2/1
2019,The Prodigy,Orion,"$14,856,291",2530,"$5,853,061",2530,2/8
2019,Poms,STX,"$13,631,124",2750,"$5,361,937",2750,5/10
2019,The Kitchen (2019),WB (NL),"$12,180,032",2745,"$5,527,410",2745,8/9
2019,After (2019),Aviron,"$12,138,565",2138,"$6,002,349",2138,4/12
2019,Blinded By the Light,WB,"$11,901,145",2307,"$4,333,305",2307,8/16
2019,Judy,RAtt.,"$11,718,851",1627,"$2,916,548",461,9/27
2019,Greta,Focus,"$10,519,425",2417,"$4,481,910",2411,3/1
2019,The Best of Enemies,STX,"$10,205,616",1705,"$4,446,190",1705,4/5
2019,Hotel Mumbai,BST,"$9,651,611",930,"$88,065",4,3/22
2019,No Manches Frida 2,PNT,"$9,270,920",472,"$3,831,401",472,3/15
2019,"Where'd You Go, Bernadette",UAR,"$9,198,356",2404,"$3,462,308",2404,8/16
2019,Apollo 11,Neon,"$9,039,891",588,"$1,607,040",120,3/1
2019,Serenity (2019),Aviron,"$8,547,045",2561,"$4,415,403",2561,1/25
2019,Anna (2019),LG/S,"$7,743,794",2114,"$3,600,647",2114,6/21
2019,Penguins (Disneynature),BV,"$7,699,452",1815,"$2,282,593",1815,4/17
2019,Brittany Runs a Marathon,Amazon,"$6,964,294",1033,"$180,711",5,8/23
2019,The Dead Don't Die,Focus,"$6,563,605",690,"$2,540,240",613,6/14
2019,Run the Race,RAtt.,"$6,424,420",1075,"$2,161,480",853,2/22
2019,Captive State,Focus,"$5,958,315",2549,"$3,131,525",2548,3/15
2019,The Wandering Earth,CMC,"$5,875,487",129,"$1,685,287",64,2/5
2019,Gloria Bell,A24,"$5,611,123",1127,"$145,218",5,3/8
2019,Gully Boy,VPD,"$5,566,534",270,"$2,045,068",258,2/14
2019,The Goldfinch,WB,"$5,278,602",2542,"$2,679,027",2542,9/13
2018,Black Panther,BV,"$700,059,566",4084,"$202,003,951",4020,2/16
2018,Avengers: Infinity War,BV,"$678,815,482",4474,"$257,698,183",4474,4/27
2018,Incredibles 2,BV,"$608,581,744",4410,"$182,687,905",4410,6/15
2018,Jurassic World: Fallen Kingdom,Uni.,"$417,719,760",4485,"$148,024,610",4475,6/22
2018,Aquaman,WB,"$335,061,807",4184,"$67,873,522",4125,12/21
2018,Deadpool 2,Fox,"$318,491,426",4349,"$125,507,153",4349,5/18
2018,Dr. Seuss' The Grinch (2018),Uni.,"$270,620,950",4141,"$67,572,855",4141,11/9
2018,Mission: Impossible - Fallout,Par.,"$220,159,104",4395,"$61,236,534",4386,7/27
2018,Ant-Man and the Wasp,BV,"$216,648,740",4206,"$75,812,205",4206,7/6
2018,Bohemian Rhapsody,Fox,"$216,428,042",4000,"$51,061,119",4000,11/2
2018,A Star is Born (2018),WB,"$215,288,866",3904,"$42,908,051",3686,10/5
2018,Solo: A Star Wars Story,BV,"$213,767,512",4381,"$84,420,489",4381,5/25
2018,Venom (2018),Sony,"$213,515,506",4250,"$80,255,756",4250,10/5
2018,Ralph Breaks the Internet,BV,"$201,091,711",4017,"$56,237,634",4017,11/21
2018,Spider-Man: Into The Spider-Verse,Sony,"$190,241,310",3813,"$35,363,376",3813,12/14
2018,A Quiet Place,Par.,"$188,024,361",3808,"$50,203,562",3508,4/6
2018,Crazy Rich Asians,WB,"$174,532,921",3865,"$26,510,140",3384,8/15
2018,Mary Poppins Returns,BV,"$171,958,438",4090,"$23,523,121",4090,12/19
2018,Hotel Transylvania 3: Summer Vacation,Sony,"$167,510,016",4267,"$44,076,225",4267,7/13
2018,Fantastic Beasts: The Crimes of Grindelwald,WB,"$159,555,901",4163,"$62,163,104",4163,11/16
2018,Halloween (2018),Uni.,"$159,342,015",3990,"$76,221,545",3928,10/19
2018,The Meg,WB,"$145,443,742",4118,"$45,402,195",4118,8/10
2018,Ocean's 8,WB,"$140,218,711",4145,"$41,607,378",4145,6/8
2018,Ready Player One,WB,"$137,690,172",4234,"$41,764,050",4234,3/29
2018,Bumblebee,Par.,"$127,195,589",3597,"$21,654,047",3550,12/21
2018,Mamma Mia! Here We Go Again,Uni.,"$120,634,935",3514,"$34,952,180",3317,7/20
2018,The Nun,WB (NL),"$117,450,119",3876,"$53,807,379",3876,9/7
2018,Creed II,MGM,"$115,715,889",3752,"$35,574,710",3441,11/21
2018,Peter Rabbit,Sony,"$115,253,424",3725,"$25,010,928",3725,2/9
2018,The Mule,WB,"$103,804,407",3329,"$17,509,431",2588,12/14
2018,The Equalizer 2,Sony,"$102,084,362",3388,"$36,011,640",3388,7/20
2018,Rampage (2018),WB (NL),"$101,028,233",4115,"$35,753,093",4101,4/13
2018,A Wrinkle in Time,BV,"$100,478,608",3980,"$33,123,609",3980,3/9
2018,Fifty Shades Freed,Uni.,"$100,407,760",3768,"$38,560,195",3768,2/9
2018,Disney's Christopher Robin,BV,"$99,215,042",3602,"$24,585,139",3602,8/3
2018,Green Book,Uni.,"$85,080,171",2648,"$320,429",25,11/16
2018,I Can Only Imagine,RAtt.,"$83,482,352",2894,"$17,108,914",1629,3/16
2018,Smallfoot,WB,"$83,240,103",4131,"$23,045,635",4131,9/28
2018,Night School (2018),Uni.,"$77,339,130",3019,"$27,257,615",3010,9/28
2018,The First Purge,Uni.,"$69,488,745",3038,"$17,374,280",3031,7/4
2018,Game Night,WB (NL),"$69,179,066",3502,"$17,005,332",3488,2/23
2018,Book Club,Par.,"$68,566,296",3169,"$13,582,231",2781,5/18
2018,The House With A Clock In Its Walls,Uni.,"$68,549,695",3592,"$26,608,020",3592,9/21
2018,Skyscraper,Uni.,"$68,420,120",3822,"$24,905,015",3782,7/13
2018,Insidious: The Last Key,Uni.,"$67,745,330",3150,"$29,581,355",3116,1/5
2018,Instant Family,Par.,"$67,363,237",3426,"$14,504,315",3286,11/16
2018,Blockers,Uni.,"$60,311,495",3418,"$20,556,350",3379,4/6
2018,Pacific Rim Uprising,Uni.,"$59,874,525",3708,"$28,116,535",3708,3/23
2018,Tomb Raider,WB,"$58,250,803",3854,"$23,633,317",3854,3/16
2018,Maze Runner: The Death Cure,Fox,"$58,032,443",3793,"$24,167,011",3787,1/26
2018,The Nutcracker and the Four Realms,BV,"$54,858,851",3766,"$20,352,491",3766,11/2
2018,Tag,WB (NL),"$54,730,625",3382,"$14,947,396",3382,6/15
2018,A Simple Favor,LGF,"$53,548,586",3102,"$16,011,689",3102,9/14
2018,Life of the Party ,WB (NL),"$53,059,911",3656,"$17,886,075",3656,5/11
2018,The Predator (2018),Fox,"$51,024,708",4070,"$24,632,284",4037,9/14
2018,Overboard (2018),PNT,"$50,316,123",2006,"$14,711,101",1623,5/4
2018,Sicario: Day of the Soldado,Sony,"$50,072,235",3055,"$19,007,566",3055,6/29
2018,BlacKkKlansman,Focus,"$49,275,340",1914,"$10,845,330",1512,8/10
2018,I Feel Pretty,STX,"$48,795,601",3440,"$16,030,218",3440,4/20
2018,Vice,Annapurna,"$47,836,282",2534,"$7,768,371",2442,12/25
2018,Red Sparrow,Fox,"$46,874,505",3064,"$16,853,422",3056,3/2
2018,Breaking In (2018),Uni.,"$46,840,590",2537,"$17,630,285",2537,5/11
2018,Goosebumps 2: Haunted Halloween,Sony,"$46,700,633",3723,"$15,802,225",3521,10/12
2018,12 Strong,WB,"$45,819,713",3018,"$15,815,025",3002,1/19
2018,Den of Thieves,STX,"$44,947,622",2432,"$15,206,108",2432,1/19
2018,First Man,Uni.,"$44,936,545",3640,"$16,006,065",3640,10/12
2018,Hereditary,A24,"$44,069,456",2998,"$13,575,172",2964,6/8
2018,Tyler Perry's Acrimony,LGF,"$43,549,096",2006,"$17,170,707",2006,3/30
2018,Sherlock Gnomes,Par.,"$43,242,871",3662,"$10,604,774",3662,3/23
2018,Uncle Drew,LG/S,"$42,469,946",2742,"$15,242,781",2742,6/29
2018,Widows,Fox,"$42,402,632",2803,"$12,361,307",2803,11/16
2018,Truth or Dare,Uni.,"$41,411,015",3068,"$18,667,855",3029,4/13
2018,Paddington 2,WB,"$40,891,591",3702,"$11,001,961",3702,1/12
2018,"Love, Simon",Fox,"$40,826,341",2434,"$11,756,244",2402,3/16
2018,Second Act,STX,"$39,282,227",2607,"$6,489,983",2607,12/21
2018,The Commuter,LGF,"$36,343,858",2892,"$13,701,452",2892,1/12
2018,The 15:17 to Paris,WB,"$36,276,286",3042,"$12,554,286",3042,2/9
2018,Mile 22,STX,"$36,108,758",3520,"$13,710,825",3520,8/17
2018,Alpha,Studio 8,"$35,857,181",2881,"$10,352,512",2719,8/17
2018,Peppermint,STX,"$35,418,723",2980,"$13,423,255",2980,9/7
2018,The Favourite,FoxS,"$34,366,783",1554,"$422,410",4,11/23
2018,Death Wish (2018),MGM,"$34,017,028",2882,"$13,010,267",2847,3/2
2018,The Spy Who Dumped Me,LGF,"$33,562,069",3111,"$12,103,043",3111,8/3
2018,Annihilation,Par.,"$32,732,301",2112,"$11,071,584",2012,2/23
2018,Isle Of Dogs,FoxS,"$32,015,231",1947,"$1,620,294",27,3/23
2018,Nobody's Fool,Par.,"$31,713,110",2468,"$13,743,111",2468,11/2
2018,Adrift,STX,"$31,445,012",3015,"$11,603,039",3015,6/1
2018,Robin Hood (2018),LG/S,"$30,824,628",2827,"$9,195,670",2827,11/21
2018,Super Troopers 2,Fox,"$30,617,396",2125,"$15,181,624",2038,4/20
2018,Holmes and Watson,Sony,"$30,573,626",2780,"$7,411,522",2776,12/25
2018,Slender Man,SGem,"$30,569,484",2358,"$11,371,866",2358,8/10
2018,Teen Titans Go! To The Movies,WB,"$29,790,236",3188,"$10,411,189",3188,7/27
2018,The Hate U Give,Fox,"$29,719,483",2375,"$512,035",36,10/5
2018,Searching,SGem,"$26,020,957",2009,"$388,769",9,8/24
2018,Winchester,LGF,"$25,091,816",2480,"$9,307,626",2480,2/2
2018,On the Basis of Sex,Focus,"$24,622,687",1957,"$686,355",33,12/25
2018,Strangers: Prey at Night,Aviron,"$24,586,708",2464,"$10,402,271",2464,3/9
2018,White Boy Rick,Studio 8,"$24,011,188",2504,"$8,860,431",2504,9/14
2018,Won't You Be My Neighbor?,Focus,"$22,835,787",893,"$475,419",29,6/8
2018,Overlord,Par.,"$21,704,844",2859,"$10,202,108",2859,11/9
2017,Star Wars: The Last Jedi,BV,"$620,181,382",4232,"$220,009,584",4232,12/15
2017,Beauty and the Beast (2017),BV,"$504,014,165",4210,"$174,750,616",4210,3/17
2017,Wonder Woman,WB,"$412,563,408",4165,"$103,251,471",4165,6/2
2017,Jumanji: Welcome to the Jungle,Sony,"$404,515,480",3849,"$36,169,328",3765,12/20
2017,Guardians of the Galaxy Vol. 2,BV,"$389,813,101",4347,"$146,510,104",4347,5/5
2017,Spider-Man: Homecoming,Sony,"$334,201,140",4348,"$117,027,503",4348,7/7
2017,It,WB (NL),"$327,481,748",4148,"$123,403,419",4103,9/8
2017,Thor: Ragnarok,BV,"$315,058,289",4080,"$122,744,989",4080,11/3
2017,Despicable Me 3,Uni.,"$264,624,300",4535,"$72,434,025",4529,6/30
2017,Justice League,WB,"$229,024,295",4051,"$93,842,239",4051,11/17
2017,Logan (2017),Fox,"$226,277,068",4071,"$88,411,916",4071,3/3
2017,The Fate of the Furious,Uni.,"$226,008,385",4329,"$98,786,705",4310,4/14
2017,Coco,BV,"$209,726,015",3987,"$50,802,605",3987,11/22
2017,Dunkirk,WB,"$188,045,546",4014,"$50,513,488",3720,7/21
2017,Get Out,Uni.,"$176,040,665",3143,"$33,377,060",2781,2/24
2017,The LEGO Batman Movie,WB,"$175,750,384",4088,"$53,003,468",4088,2/10
2017,The Boss Baby,Fox,"$175,003,033",3829,"$50,198,902",3773,3/31
2017,The Greatest Showman,Fox,"$174,340,174",3342,"$8,805,843",3006,12/20
2017,Pirates of the Caribbean: Dead Men Tell No Tales,BV,"$172,558,876",4276,"$62,983,253",4276,5/26
2017,Kong: Skull Island,WB,"$168,052,812",3846,"$61,025,472",3846,3/10
2017,Cars 3,BV,"$152,901,115",4256,"$53,688,680",4256,6/16
2017,War for the Planet of the Apes,Fox,"$146,880,162",4100,"$56,262,929",4022,7/14
2017,Split,Uni.,"$138,291,365",3373,"$40,010,975",3038,1/20
2017,Wonder,LGF,"$132,422,809",3519,"$27,547,866",3096,11/17
2017,Transformers: The Last Knight,Par.,"$130,168,683",4132,"$44,680,073",4069,6/21
2017,Girls Trip,Uni.,"$115,171,585",2648,"$31,201,920",2591,7/21
2017,Fifty Shades Darker,Uni.,"$114,581,250",3714,"$46,607,250",3710,2/10
2017,Baby Driver,TriS,"$107,825,862",3226,"$20,553,320",3226,6/28
2017,Pitch Perfect 3,Uni.,"$104,897,530",3468,"$19,928,525",3447,12/22
2017,Daddy's Home 2,Par.,"$104,029,443",3575,"$29,651,193",3575,11/10
2017,Murder on the Orient Express (2017),Fox,"$102,826,543",3354,"$28,681,472",3341,11/10
2017,Annabelle: Creation,WB (NL),"$102,092,201",3565,"$35,006,404",3502,8/11
2017,Kingsman: The Golden Circle,Fox,"$100,234,838",4038,"$39,023,010",4003,9/22
2017,Blade Runner 2049,WB,"$92,054,159",4058,"$32,753,122",4058,10/6
2017,John Wick: Chapter Two,LG/S,"$92,029,184",3113,"$30,436,123",3113,2/10
2017,The Emoji Movie,Sony,"$86,089,513",4075,"$24,531,923",4075,7/28
2017,Power Rangers (2017),LGF,"$85,364,450",3693,"$40,300,288",3693,3/24
2017,Ferdinand,Fox,"$84,410,380",3630,"$13,401,586",3621,12/15
2017,The Post,Fox,"$81,903,458",2851,"$526,011",9,12/22
2017,The Mummy (2017),Uni.,"$80,227,895",4035,"$31,688,375",4035,6/9
2017,The Hitman's Bodyguard,LG/S,"$75,468,583",3377,"$21,384,504",3377,8/18
2017,Alien: Covenant,Fox,"$74,262,031",3772,"$36,160,621",3761,5/19
2017,Captain Underpants: The First Epic Movie,Fox,"$73,921,000",3529,"$23,851,539",3434,6/2
2017,A Bad Moms Christmas,STX,"$72,110,659",3615,"$16,759,161",3615,11/1
2017,A Dog's Purpose,Uni.,"$64,508,620",3178,"$18,222,810",3059,1/27
2017,The Shape of Water,FoxS,"$63,859,435",2341,"$166,564",2,12/1
2017,The LEGO Ninjago Movie,WB,"$59,281,555",4047,"$20,433,071",4047,9/22
2017,Baywatch,Par.,"$58,060,186",3647,"$18,503,871",3647,5/25
2017,The Shack,LG/S,"$57,386,418",2888,"$16,172,119",2888,3/3
2017,Darkest Hour,Focus,"$56,468,410",1733,"$175,006",4,11/22
2017,Happy Death Day,Uni.,"$55,683,845",3535,"$26,039,025",3149,10/13
2017,"Three Billboards Outside Ebbing, Missouri",FoxS,"$54,513,740",1726,"$322,168",4,11/10
2017,Atomic Blonde,Focus,"$51,687,870",3326,"$18,286,420",3304,7/28
2017,American Made,Uni.,"$51,342,000",3098,"$16,776,390",3024,9/29
2017,The Dark Tower,Sony,"$50,701,325",3451,"$19,153,698",3451,8/4
2017,Lady Bird,A24,"$48,958,273",1557,"$364,437",4,11/3
2017,Tyler Perry's Boo 2! A Madea Halloween,LGF,"$47,319,572",2388,"$21,226,953",2388,10/20
2017,Snatched,Fox,"$45,852,178",3511,"$19,542,248",3501,5/12
2017,The Great Wall,Uni.,"$45,540,830",3328,"$18,469,620",3326,2/17
2017,Smurfs: The Lost Village,Sony,"$45,020,282",3610,"$13,210,449",3610,4/7
2017,Going in Style (2017),WB (NL),"$45,018,541",3076,"$11,932,330",3061,4/7
2017,All Eyez on Me,LG/S,"$44,922,302",2471,"$26,435,354",2471,6/16
2017,xXx: The Return of Xander Cage,Par.,"$44,898,413",3651,"$20,130,142",3651,1/20
2017,47 Meters Down,ENTMP,"$44,307,191",2471,"$11,205,561",2270,6/16
2017,The Big Sick,LGF,"$42,873,127",2597,"$421,577",5,6/23
2017,Valerian and the City of a Thousand Planets,STX,"$41,189,488",3553,"$17,007,624",3553,7/21
2017,The Star,Sony,"$40,852,824",2976,"$9,812,674",2837,11/17
2017,Ghost in the Shell (2017),Par.,"$40,563,557",3440,"$18,676,033",3440,3/31
2017,King Arthur: Legend of the Sword,WB,"$39,175,066",3702,"$15,371,270",3702,5/12
2017,Jigsaw,LGF,"$38,052,832",2941,"$16,640,452",2941,10/27
2017,American Assassin,LGF,"$36,249,674",3154,"$14,846,778",3154,9/15
2017,The Foreigner,STX,"$34,393,507",2515,"$13,113,024",2515,10/13
2017,"Everything, Everything",WB,"$34,121,140",2801,"$11,727,390",2801,5/19
2017,Wind River,Wein.,"$33,800,859",2890,"$161,558",4,8/4
2017,Geostorm,WB,"$33,700,160",3246,"$13,707,376",3246,10/20
2017,Monster Trucks,Par.,"$33,370,166",3119,"$10,950,705",3119,1/13
2017,Fist Fight,WB (NL),"$32,187,017",3185,"$12,201,873",3185,2/17
2017,How to be a Latin Lover,PNT,"$32,149,404",1203,"$12,252,439",1118,4/28
2017,Kidnap (2017),Aviron,"$30,971,040",2418,"$10,016,323",2378,8/4
2017,Underworld: Blood Wars,SGem,"$30,353,973",3070,"$13,688,751",3070,1/6
2017,The Mountain Between Us,Fox,"$30,348,555",3259,"$10,551,336",3088,10/6
2017,Life (2017),Sony,"$30,234,022",3146,"$12,501,936",3146,3/24
2017,"I, Tonya",Neon,"$30,014,539",1450,"$264,155",4,12/8
2017,Hostiles,ENTMP,"$29,819,114",2934,"$22,849",3,12/22
2017,Molly's Game,STX,"$28,780,744",1708,"$2,349,967",271,12/25
2017,The Nut Job 2: Nutty by Nature,ORF,"$28,370,522",4003,"$8,342,311",4003,8/11
2017,Rings,Par.,"$27,793,018",2931,"$13,002,632",2931,2/3
2017,Logan Lucky,BST,"$27,780,977",3031,"$7,600,036",3031,8/18
2017,Home Again,ORF,"$27,020,284",3036,"$8,567,881",2940,9/8
2017,Resident Evil: The Final Chapter,SGem,"$26,830,068",3104,"$13,601,682",3104,1/27
2017,The House,WB (NL),"$25,584,504",3134,"$8,724,795",3134,6/30
2017,All the Money in the World,TriS,"$25,113,707",2123,"$5,584,684",2074,12/25
2017,Gifted,FoxS,"$24,801,212",2215,"$446,380",56,4/7
2017,Downsizing,Par.,"$24,449,754",2668,"$4,954,287",2668,12/22
2017,The Bye Bye Man,STX,"$22,395,806",2220,"$13,501,349",2220,1/13
2017,Victoria and Abdul,Focus,"$22,245,070",1060,"$158,845",4,9/22
2017,Rough Night,Sony,"$22,105,643",3162,"$8,004,283",3162,6/16
2017,My Little Pony: The Movie,LGF,"$21,885,107",2528,"$8,885,899",2528,10/6
2017,Leap!,Wein.,"$21,858,070",2705,"$4,730,038",2575,8/25
2017,Phantom Thread,Focus,"$21,198,205",1186,"$216,495",4,12/25
2016,Rogue One: A Star Wars Story,BV,"$532,177,324",4157,"$155,081,681",4157,12/16
2016,Finding Dory,BV,"$486,295,561",4305,"$135,060,273",4305,6/17
2016,Captain America: Civil War,BV,"$408,084,349",4226,"$179,139,142",4226,5/6
2016,The Secret Life of Pets,Uni.,"$368,384,330",4381,"$104,352,905",4370,7/8
2016,The Jungle Book (2016),BV,"$364,001,123",4144,"$103,261,464",4028,4/15
2016,Deadpool,Fox,"$363,070,709",3856,"$132,434,639",3558,2/12
2016,Zootopia,BV,"$341,268,248",3959,"$75,063,401",3827,3/4
2016,Batman v Superman: Dawn of Justice,WB,"$330,360,194",4256,"$166,007,347",4242,3/25
2016,Suicide Squad,WB,"$325,100,054",4255,"$133,682,248",4255,8/5
2016,Sing,Uni.,"$270,395,425",4029,"$35,258,145",4022,12/21
2016,Moana,BV,"$248,757,044",3875,"$56,631,401",3875,11/23
2016,Fantastic Beasts and Where To Find Them,WB,"$234,037,575",4144,"$74,403,387",4144,11/18
2016,Doctor Strange,BV,"$232,641,920",3882,"$85,058,311",3882,11/4
2016,Hidden Figures,Fox,"$169,607,287",3416,"$515,499",25,12/25
2016,Jason Bourne,Uni.,"$162,434,410",4039,"$59,215,365",4026,7/29
2016,Star Trek Beyond,Par.,"$158,848,340",3928,"$59,253,211",3928,7/22
2016,X-Men: Apocalypse,Fox,"$155,442,489",4153,"$65,769,562",4150,5/27
2016,Trolls,Fox,"$153,707,064",4066,"$46,581,142",4060,11/4
2016,La La Land,LG/S,"$151,101,803",3236,"$881,104",5,12/9
2016,Kung Fu Panda 3,Fox,"$143,528,619",3987,"$41,282,042",3955,1/29
2016,Ghostbusters (2016),Sony,"$128,350,574",3963,"$46,018,755",3963,7/15
2016,Central Intelligence,WB (NL),"$127,440,871",3508,"$35,535,250",3508,6/17
2016,The Legend of Tarzan,WB,"$126,643,061",3591,"$38,527,856",3561,7/1
2016,Sully,WB,"$125,070,033",3955,"$35,028,301",3525,9/9
2016,Bad Moms,STX,"$113,257,297",3215,"$23,817,340",3215,7/29
2016,The Angry Birds Movie,Sony,"$107,509,366",3932,"$38,155,177",3932,5/20
2016,Independence Day: Resurgence,Fox,"$103,144,286",4130,"$41,039,944",4130,6/24
2016,The Conjuring 2,WB (NL),"$102,470,008",3356,"$40,406,314",3343,6/10
2016,Arrival,Par.,"$100,546,139",3115,"$24,074,047",2317,11/11
2016,Passengers (2016),Sony,"$100,014,699",3478,"$14,869,736",3478,12/21
2016,Sausage Party,Sony,"$97,685,686",3135,"$34,263,534",3103,8/12
2016,The Magnificent Seven (2016),Sony,"$93,432,655",3696,"$34,703,397",3674,9/23
2016,Ride Along 2,Uni.,"$91,221,830",3192,"$35,243,095",3175,1/15
2016,Don't Breathe,SGem,"$89,217,875",3384,"$26,411,706",3051,8/26
2016,Miss Peregrine's Home for Peculiar Children,Fox,"$87,242,834",3835,"$28,871,140",3522,9/30
2016,The Accountant,WB,"$86,260,045",3402,"$24,710,273",3332,10/14
2016,Teenage Mutant Ninja Turtles: Out of the Shadows,Par.,"$82,051,601",4071,"$35,316,382",4071,6/3
2016,The Purge: Election Year,Uni.,"$79,213,375",2821,"$31,515,110",2796,7/1
2016,Alice Through the Looking Glass,BV,"$77,041,381",3763,"$26,858,726",3763,5/27
2016,Pete's Dragon (2016),BV,"$76,233,151",3702,"$21,514,095",3702,8/12
2016,The Girl on the Train (2016),Uni.,"$75,395,035",3241,"$24,536,265",3144,10/7
2016,Boo! A Madea Halloween,LGF,"$73,206,343",2299,"$28,501,448",2260,10/21
2016,Storks,WB,"$72,679,278",3922,"$21,311,407",3922,9/23
2016,10 Cloverfield Lane,Par.,"$72,082,998",3427,"$24,727,437",3391,3/11
2016,Lights Out,WB (NL),"$67,268,835",2835,"$21,688,103",2818,7/22
2016,Hacksaw Ridge,LGF,"$67,209,615",2971,"$15,190,758",2886,11/4
2016,The Divergent Series: Allegiant,LG/S,"$66,184,051",3740,"$29,027,348",3740,3/18
2016,Now You See Me 2,LG/S,"$65,075,540",3232,"$22,383,146",3232,6/10
2016,Ice Age: Collision Course,Fox,"$64,063,008",3997,"$21,373,064",3992,7/22
2016,The Boss,Uni.,"$63,285,885",3495,"$23,586,645",3480,4/8
2016,London Has Fallen,Focus,"$62,524,260",3492,"$21,635,601",3490,3/4
2016,Miracles from Heaven,TriS,"$61,705,123",3155,"$14,812,393",3047,3/16
2016,Deepwater Horizon,LG/S,"$61,433,527",3403,"$20,223,544",3259,9/30
2016,Why Him?,Fox,"$60,323,786",3008,"$11,002,986",2917,12/23
2016,My Big Fat Greek Wedding 2,Uni.,"$59,689,605",3179,"$17,861,950",3133,3/25
2016,Jack Reacher: Never Go Back,Par.,"$58,697,076",3780,"$22,872,490",3780,10/21
2016,Fences,Par.,"$57,682,904",2368,"$129,462",4,12/16
2016,Me Before You,WB (NL),"$56,245,075",2762,"$18,723,269",2704,6/3
2016,The BFG,BV,"$55,483,770",3392,"$18,775,350",3357,7/1
2016,Neighbors 2: Sorority Rising,Uni.,"$55,455,765",3416,"$21,760,405",3384,5/20
2016,The Shallows,Sony,"$55,124,043",2962,"$16,800,868",2962,6/24
2016,Office Christmas Party,Par.,"$54,767,494",3210,"$16,890,204",3210,12/9
2016,Assassin's Creed,Fox,"$54,647,948",2996,"$10,278,225",2970,12/21
2016,Barbershop: The Next Cut,WB (NL),"$54,030,051",2676,"$20,242,415",2661,4/15
2016,13 Hours: The Secret Soldiers of Benghazi,Par.,"$52,853,219",2917,"$16,194,738",2389,1/15
2016,Lion,Wein.,"$51,738,905",1802,"$123,360",4,11/25
2016,The Huntsman: Winter's War,Uni.,"$48,390,190",3802,"$19,445,035",3791,4/22
2016,Kubo and the Two Strings,Focus,"$48,023,088",3279,"$12,608,372",3260,8/19
2016,Manchester by the Sea,RAtt.,"$47,695,371",1213,"$256,498",4,11/18
2016,Warcraft,Uni.,"$47,365,290",3406,"$24,166,110",3400,6/10
2016,How to Be Single,WB (NL),"$46,843,513",3357,"$17,878,911",3343,2/12
2016,Mike and Dave Need Wedding Dates,Fox,"$46,009,673",3008,"$16,628,170",2982,7/8
2016,War Dogs,WB,"$43,034,523",3258,"$14,685,305",3258,8/19
2016,Almost Christmas,Uni.,"$42,158,780",2379,"$15,134,235",2376,11/11
2016,Money Monster,TriS,"$41,012,075",3104,"$14,788,157",3104,5/13
2016,Allied,Par.,"$40,098,064",3160,"$12,701,743",3160,11/23
2016,Nerve,LGF,"$38,583,626",2538,"$9,445,456",2538,7/27
2016,Risen,Sony,"$36,880,033",2915,"$11,801,271",2915,2/19
2016,The Nice Guys,WB,"$36,261,763",2865,"$11,203,270",2865,5/20
2016,The Boy (2016),STX,"$35,819,556",2671,"$10,778,392",2671,1/22
2016,Dirty Grandpa,LGF,"$35,593,113",2912,"$11,111,875",2912,1/22
2016,Ouija: Origin of Evil,Uni.,"$35,144,505",3168,"$14,065,500",3167,10/21
2016,The 5th Wave,Sony,"$34,916,787",2908,"$10,326,356",2908,1/22
2016,Inferno,Sony,"$34,343,574",3576,"$14,860,425",3576,10/28
2016,Mother's Day,ORF,"$32,492,859",3291,"$8,369,184",3035,4/29
2016,Patriots Day,LGF,"$31,886,361",3120,"$161,306",7,12/21
2016,Gods of Egypt,LG/S,"$31,153,464",3117,"$14,123,903",3117,2/26
2016,Collateral Beauty,WB (NL),"$31,016,021",3028,"$7,102,085",3028,12/16
2016,"Hail, Caesar!",Uni.,"$30,498,085",2248,"$11,355,225",2232,2/5
2016,When the Bough Breaks,SGem,"$29,747,603",2246,"$14,202,323",2246,9/9
2016,Zoolander 2,Par.,"$28,848,693",3418,"$13,841,146",3394,2/12
2016,Moonlight (2016),A24,"$27,854,932",1564,"$402,075",4,10/21
2016,The Finest Hours,BV,"$27,569,558",3143,"$10,288,932",3143,1/29
2016,Florence Foster Jenkins,Par.,"$27,383,770",1528,"$6,601,313",1528,8/12
2016,Hell or High Water,LGF,"$27,007,844",1505,"$621,329",32,8/12
2016,The Forest,Focus,"$26,594,261",2509,"$12,741,176",2451,1/8
2016,Ben-Hur (2016),Par.,"$26,410,477",3084,"$11,203,815",3084,8/19
2016,The Witch,A24,"$25,138,705",2204,"$8,800,230",2046,2/19
2016,Bridget Jones's Baby,Uni.,"$24,252,420",2930,"$8,571,785",2927,9/16
2016,Kevin Hart: What Now?,Uni.,"$23,591,043",2567,"$11,767,210",2567,10/14
2015,Star Wars: The Force Awakens,BV,"$936,662,225",4134,"$247,966,675",4134,12/18
2015,Jurassic World,Uni.,"$652,270,625",4291,"$208,806,270",4274,6/12
2015,Avengers: Age of Ultron,BV,"$459,005,868",4276,"$191,271,109",4276,5/1
2015,Inside Out,BV,"$356,461,711",4158,"$90,440,272",3946,6/19
2015,Furious 7,Uni.,"$353,007,020",4022,"$147,187,040",4004,4/3
2015,Minions,Uni.,"$336,045,770",4311,"$115,718,405",4301,7/10
2015,The Hunger Games: Mockingjay - Part 2,LGF,"$281,723,902",4175,"$102,665,981",4175,11/20
2015,The Martian,Fox,"$228,433,663",3854,"$54,308,575",3831,10/2
2015,Cinderella (2015),BV,"$201,151,353",3848,"$67,877,361",3845,3/13
2015,Spectre,Sony,"$200,074,609",3929,"$70,403,148",3929,11/6
2015,Mission: Impossible - Rogue Nation,Par.,"$195,042,377",3988,"$55,520,089",3956,7/31
2015,Pitch Perfect 2,Uni.,"$184,296,230",3660,"$69,216,890",3473,5/15
2015,The Revenant,Fox,"$183,637,894",3711,"$474,560",4,12/25
2015,Ant-Man,BV,"$180,202,163",3868,"$57,225,526",3856,7/17
2015,Home (2015),Fox,"$177,397,510",3801,"$52,107,731",3708,3/27
2015,Hotel Transylvania 2,Sony,"$169,700,110",3768,"$48,464,322",3754,9/25
2015,Fifty Shades of Grey,Uni.,"$166,167,230",3655,"$85,171,450",3646,2/13
2015,The SpongeBob Movie: Sponge Out of Water,Par.,"$162,994,032",3680,"$55,365,012",3641,2/6
2015,Straight Outta Compton,Uni.,"$161,197,785",3142,"$60,200,180",2757,8/14
2015,San Andreas,WB (NL),"$155,190,832",3812,"$54,588,173",3777,5/29
2015,Mad Max: Fury Road,WB,"$153,636,354",3722,"$45,428,128",3702,5/15
2015,Daddy's Home,Par.,"$150,357,137",3483,"$38,740,203",3271,12/25
2015,The Divergent Series: Insurgent,LG/S,"$130,179,072",3875,"$52,263,680",3875,3/20
2015,The Peanuts Movie,Fox,"$130,178,411",3902,"$44,213,073",3897,11/6
2015,Kingsman: The Secret Service,Fox,"$128,261,724",3282,"$36,206,331",3204,2/13
2015,The Good Dinosaur,BV,"$123,087,120",3749,"$39,155,217",3749,11/25
2015,Spy,Fox,"$110,825,712",3715,"$29,085,719",3711,6/5
2015,Trainwreck,Uni.,"$110,212,700",3171,"$30,097,040",3158,7/17
2015,Creed,WB (NL),"$109,767,581",3502,"$29,632,823",3404,11/25
2015,Tomorrowland,BV,"$93,436,322",3972,"$33,028,165",3972,5/22
2015,Get Hard,WB,"$90,411,453",3212,"$33,803,253",3175,3/27
2015,Terminator: Genisys,Par.,"$89,760,956",3783,"$27,018,486",3758,7/1
2015,Taken 3,Fox,"$89,256,424",3594,"$39,201,657",3594,1/9
2015,Sisters,Uni.,"$87,044,645",2978,"$13,922,855",2962,12/18
2015,Alvin and the Chipmunks: The Road Chip,Fox,"$85,886,987",3705,"$14,287,159",3653,12/18
2015,Maze Runner: The Scorch Trials,Fox,"$81,697,192",3792,"$30,316,510",3791,9/18
2015,Ted 2,Uni.,"$81,476,385",3448,"$33,507,870",3442,6/26
2015,Goosebumps,Sony,"$80,080,379",3618,"$23,618,556",3501,10/16
2015,Pixels,Sony,"$78,747,585",3723,"$24,011,616",3723,7/24
2015,Paddington,W/Dim.,"$76,271,832",3355,"$18,966,676",3303,1/16
2015,The Intern,WB,"$75,764,672",3320,"$17,728,313",3305,9/25
2015,Bridge of Spies,BV,"$72,313,754",2873,"$15,371,203",2811,10/16
2015,Paul Blart: Mall Cop 2,Sony,"$71,038,190",3633,"$23,762,435",3633,4/17
2015,The Big Short,Par.,"$70,259,870",2529,"$705,527",8,12/11
2015,War Room,TriS,"$67,790,117",1945,"$11,351,389",1135,8/28
2015,Magic Mike XXL,WB,"$66,013,057",3376,"$12,857,184",3355,7/1
2015,The Visit,Uni.,"$65,206,105",3148,"$25,427,560",3069,9/11
2015,The Wedding Ringer,SGem,"$64,460,211",3003,"$20,649,306",3003,1/16
2015,Black Mass,WB,"$62,575,678",3188,"$22,635,037",3188,9/18
2015,Vacation,WB (NL),"$58,884,188",3430,"$14,681,108",3411,7/29
2015,The Perfect Guy,SGem,"$57,027,435",2230,"$25,888,154",2221,9/11
2015,Joy,Fox,"$56,451,232",2924,"$17,015,168",2896,12/25
2015,Fantastic Four,Fox,"$56,117,548",4004,"$25,685,737",3995,8/7
2015,The Hateful Eight,Wein.,"$54,117,416",2938,"$4,610,676",100,12/25
2015,Focus (2015),WB,"$53,862,963",3323,"$18,685,137",3323,2/27
2015,Southpaw,Wein.,"$52,421,953",2772,"$16,701,294",2772,7/24
2015,Insidious Chapter 3,Focus,"$52,218,558",3014,"$22,692,741",3002,6/5
2015,Poltergeist (2015),Fox,"$47,425,125",3242,"$22,620,386",3240,5/22
2015,Jupiter Ascending,WB,"$47,387,723",3181,"$18,372,372",3181,2/6
2015,Sicario,LGF,"$46,889,293",2620,"$401,288",6,9/18
2015,The Man From U.N.C.L.E.,WB,"$45,445,109",3673,"$13,421,036",3638,8/14
2015,Spotlight,ORF,"$45,055,776",1227,"$295,009",5,11/6
2015,"McFarland, USA",BV,"$44,482,410",2792,"$11,020,798",2755,2/20
2015,The Gift (2015),STX,"$43,787,265",2503,"$11,854,273",2503,8/7
2015,Everest (2015),Uni.,"$43,482,270",3009,"$7,222,035",545,9/18
2015,The Night Before,Sony,"$43,047,372",2960,"$9,880,536",2960,11/20
2015,Krampus,Uni.,"$42,725,475",2919,"$16,293,325",2902,12/4
2015,Max (2015),WB,"$42,656,255",2870,"$12,155,254",2855,6/26
2015,The Age of Adaline,LGF,"$42,629,776",3070,"$13,203,458",2991,4/24
2015,Brooklyn,FoxS,"$38,322,743",962,"$187,281",5,11/4
2015,The Longest Ride,Fox,"$37,446,117",3371,"$13,019,686",3366,4/10
2015,The Boy Next Door,Uni.,"$35,423,380",2615,"$14,910,105",2602,1/23
2015,Pan,WB,"$35,088,320",3515,"$15,315,435",3515,10/9
2015,Hot Pursuit,WB (NL),"$34,580,201",3037,"$13,942,258",3003,5/8
2015,Concussion (2015),Sony,"$34,542,474",2841,"$10,513,749",2841,12/25
2015,The DUFF,LGF,"$34,030,343",2622,"$10,809,149",2575,2/20
2015,Woman in Gold,Wein.,"$33,307,793",2011,"$2,091,551",258,4/1
2015,The Second Best Exotic Marigold Hotel,FoxS,"$33,078,266",2022,"$8,540,370",1573,3/6
2015,Unfriended,Uni.,"$32,482,090",2775,"$15,845,115",2739,4/17
2015,Entourage,WB,"$32,363,404",3108,"$10,283,250",3108,6/3
2015,Paper Towns,Fox,"$32,000,304",3031,"$12,650,140",3031,7/24
2015,Chappie,Sony,"$31,569,268",3201,"$13,346,782",3201,3/6
2015,Crimson Peak,Uni.,"$31,090,320",2991,"$13,143,310",2984,10/16
2015,A Walk in the Woods,BG,"$29,504,281",2158,"$8,246,267",1960,9/2
2015,Point Break (2015),WB,"$28,782,481",2910,"$9,800,252",2910,12/25
2015,Sinister 2,Focus,"$27,740,955",2799,"$10,542,116",2766,8/21
2015,The Last Witch Hunter,LG/S,"$27,367,660",3082,"$10,812,861",3082,10/23
2015,No Escape,Wein.,"$27,288,872",3415,"$8,111,264",3355,8/26
2015,Ricki and the Flash,TriS,"$26,822,144",2064,"$6,610,961",1603,8/7
2015,The Woman in Black 2: Angel of Death,Rela.,"$26,501,323",2602,"$15,027,415",2602,1/2
2015,Run All Night,WB,"$26,461,644",3171,"$11,012,305",3171,3/13
2015,Love the Coopers,LGF,"$26,302,731",2603,"$8,317,545",2603,11/13
2015,The Lazarus Effect,Rela.,"$25,801,047",2666,"$10,203,437",2666,2/27
2015,Ex Machina,A24,"$25,442,958",2004,"$237,264",4,4/10
2015,In the Heart of the Sea,WB,"$25,020,758",3103,"$11,053,366",3103,12/11
2015,The Gallows,WB (NL),"$22,764,410",2720,"$9,808,463",2720,7/10
2015,Hitman: Agent 47,Fox,"$22,467,450",3273,"$8,326,530",3261,8/21
2015,Project Almanac,Par.,"$22,348,241",2900,"$8,310,252",2893,1/30
2015,Black or White,Rela.,"$21,571,189",1823,"$6,213,362",1823,1/30
2015,Aloha,Sony,"$21,067,116",2815,"$9,670,235",2815,5/29
2014,American Sniper,WB,"$350,126,372",3885,"$633,456",4,12/25
2014,The Hunger Games: Mockingjay - Part 1,LGF,"$337,135,885",4151,"$121,897,634",4151,11/21
2014,Guardians of the Galaxy,BV,"$333,176,600",4088,"$94,320,883",4080,8/1
2014,Captain America: The Winter Soldier,BV,"$259,766,572",3938,"$95,023,721",3938,4/4
2014,The LEGO Movie,WB,"$257,760,692",3890,"$69,050,279",3775,2/7
2014,The Hobbit: The Battle of the Five Armies,WB (NL),"$255,119,788",3875,"$54,724,334",3875,12/17
2014,Transformers: Age of Extinction,Par.,"$245,439,076",4233,"$100,038,390",4233,6/27
2014,Maleficent,BV,"$241,410,378",3948,"$69,431,298",3948,5/30
2014,X-Men: Days of Future Past,Fox,"$233,921,534",4001,"$90,823,660",3996,5/23
2014,Big Hero 6,BV,"$222,527,828",3773,"$56,215,889",3761,11/7
2014,Dawn of the Planet of the Apes,Fox,"$208,545,589",3969,"$72,611,427",3967,7/11
2014,The Amazing Spider-Man 2,Sony,"$202,853,933",4324,"$91,608,337",4324,5/2
2014,Godzilla (2014),WB,"$200,676,069",3952,"$93,188,384",3952,5/16
2014,22 Jump Street,Sony,"$191,719,337",3426,"$57,071,445",3306,6/13
2014,Teenage Mutant Ninja Turtles (2014),Par.,"$191,204,754",3980,"$65,575,105",3845,8/8
2014,Interstellar,Par.,"$188,020,017",3561,"$47,510,360",3561,11/5
2014,How to Train Your Dragon 2,Fox,"$177,002,924",4268,"$49,451,322",4253,6/13
2014,Gone Girl,Fox,"$167,767,189",3284,"$37,513,109",3014,10/3
2014,Divergent,LG/S,"$150,947,895",3936,"$54,607,747",3936,3/21
2014,Neighbors,Uni.,"$150,157,400",3311,"$49,033,915",3279,5/9
2014,Ride Along,Uni.,"$134,938,200",2867,"$41,516,170",2663,1/17
2014,Rio 2,Fox,"$131,538,435",3975,"$39,327,869",3948,4/11
2014,Into the Woods,BV,"$128,002,372",2833,"$31,051,923",2440,12/25
2014,Lucy,Uni.,"$126,663,600",3202,"$43,899,340",3173,7/25
2014,The Fault in our Stars,Fox,"$124,872,350",3340,"$48,002,523",3173,6/6
2014,Unbroken,Uni.,"$115,637,895",3301,"$30,621,445",3131,12/25
2014,Night at the Museum: Secret of the Tomb,Fox,"$113,746,621",3914,"$17,100,520",3785,12/19
2014,Mr. Peabody & Sherman,Fox,"$111,506,430",3951,"$32,207,057",3934,3/7
2014,300: Rise of An Empire,WB,"$106,580,051",3490,"$45,038,460",3470,3/7
2014,The Maze Runner,Fox,"$102,427,862",3638,"$32,512,804",3604,9/19
2014,The Equalizer,Sony,"$101,530,738",3236,"$34,137,828",3236,9/26
2014,Noah,Par.,"$101,200,044",3571,"$43,720,472",3567,3/28
2014,Edge of Tomorrow,WB,"$100,206,256",3505,"$28,760,246",3490,6/6
2014,Non-Stop,Uni.,"$92,168,600",3183,"$28,875,635",3090,2/28
2014,Heaven is for Real,TriS,"$91,443,253",3048,"$22,522,221",2417,4/16
2014,The Imitation Game,Wein.,"$91,125,683",2402,"$479,352",4,11/28
2014,Dumb and Dumber To,Uni.,"$86,208,010",3188,"$36,111,775",3154,11/14
2014,Annie (2014),Sony,"$85,911,262",3197,"$15,861,939",3116,12/19
2014,Fury (2014),Sony,"$85,817,906",3313,"$23,702,421",3173,10/17
2014,Tammy,WB (NL),"$84,525,432",3465,"$21,577,049",3465,7/2
2014,Annabelle,WB (NL),"$84,273,813",3215,"$37,134,255",3185,10/3
2014,The Other Woman (2014),Fox,"$83,911,193",3306,"$24,763,752",3205,4/25
2014,Penguins of Madagascar,Fox,"$83,350,911",3775,"$25,447,444",3764,11/26
2014,Let's Be Cops,Fox,"$82,390,774",3140,"$17,813,722",3094,8/13
2014,The Monuments Men,Sony,"$78,031,620",3083,"$22,003,433",3083,2/7
2014,Hercules (2014),Par.,"$72,688,614",3595,"$29,800,263",3595,7/25
2014,The Purge: Anarchy,Uni.,"$71,962,800",2856,"$29,816,675",2805,7/18
2014,"Alexander and the Terrible, Horrible, No Good, Very Bad Day",BV,"$66,954,149",3117,"$18,360,230",3088,10/10
2014,Think Like a Man Too,SGem,"$65,182,182",2225,"$29,241,911",2225,6/20
2014,Exodus: Gods and Kings,Fox,"$65,014,513",3503,"$24,115,934",3503,12/12
2014,The Nut Job,ORF,"$64,251,541",3472,"$19,423,000",3427,1/17
2014,God's Not Dead,Free,"$60,755,732",1860,"$9,217,013",780,3/21
2014,Son of God,Fox,"$59,700,064",3271,"$25,601,865",3260,2/28
2014,The Grand Budapest Hotel,FoxS,"$59,301,324",1467,"$811,166",4,3/7
2014,Planes: Fire & Rescue,BV,"$59,165,787",3839,"$17,509,407",3826,7/18
2014,RoboCop (2014),Sony,"$58,607,007",3372,"$21,681,430",3372,2/12
2014,Dracula Untold,Uni.,"$56,280,355",2900,"$23,514,615",2885,10/10
2014,Horrible Bosses 2,WB,"$54,445,357",3400,"$15,457,418",3375,11/26
2014,The Hundred-Foot Journey,BV,"$54,240,821",2167,"$10,979,290",2023,8/8
2014,No Good Deed (2014),SGem,"$52,543,632",2175,"$24,250,283",2175,9/12
2014,Selma,Par.,"$52,076,908",2235,"$571,450",19,12/25
2014,Muppets Most Wanted,BV,"$51,183,113",3194,"$17,005,126",3194,3/21
2014,Ouija,Uni.,"$50,856,010",2899,"$19,875,995",2858,10/24
2014,The Boxtrolls,Focus,"$50,837,305",3464,"$17,275,239",3464,9/26
2014,Jack Ryan: Shadow Recruit,Par.,"$50,577,412",3387,"$15,451,981",3387,1/17
2014,If I Stay,WB (NL),"$50,474,843",3157,"$15,679,190",2907,8/22
2014,The Book of Life (2014),Fox,"$50,151,543",3113,"$17,005,218",3071,10/17
2014,About Last Night (2014),SGem,"$48,637,684",2253,"$25,649,011",2253,2/14
2014,Into The Storm,WB (NL),"$47,602,194",3434,"$17,346,427",3434,8/8
2014,The Judge,WB,"$47,119,388",3003,"$13,116,226",3003,10/10
2014,Jersey Boys,WB,"$47,047,013",2905,"$13,319,371",2905,6/20
2014,Blended,WB,"$46,294,610",3555,"$14,284,031",3555,5/23
2014,The Giver,Wein.,"$45,090,374",3003,"$12,305,016",3003,8/15
2014,St. Vincent,Wein.,"$44,137,712",2552,"$109,878",4,10/10
2014,Need for Speed,BV,"$43,577,636",3115,"$17,844,939",3115,3/14
2014,A Million Ways to Die in the West,Uni.,"$43,139,300",3160,"$16,797,385",3158,5/30
2014,John Wick,LG/S,"$43,037,835",2589,"$14,415,922",2589,10/24
2014,Birdman,FoxS,"$42,340,598",1213,"$424,397",4,10/17
2014,Dolphin Tale 2,WB,"$42,024,533",3656,"$15,873,397",3656,9/12
2014,The Expendables 3,LGF,"$39,322,544",3221,"$15,879,645",3221,8/15
2014,Earth to Echo,Rela.,"$38,934,842",3230,"$8,364,658",3230,7/2
2014,Sex Tape,Sony,"$38,543,473",3062,"$14,608,152",3062,7/18
2014,Wild (2014),FoxS,"$37,880,356",1361,"$606,810",21,12/3
2014,Million Dollar Arm,BV,"$36,457,627",3019,"$10,515,659",3019,5/16
2014,The Theory of Everything,Focus,"$35,893,537",1220,"$208,763",5,11/7
2014,This is Where I Leave You,WB,"$34,296,320",2868,"$11,558,149",2868,9/19
2014,The Gambler,Par.,"$33,680,992",2494,"$9,129,999",2478,12/25
2014,Paranormal Activity: The Marked Ones,Par.,"$32,462,372",2883,"$18,343,611",2867,1/3
2014,Nightcrawler,ORF,"$32,381,217",2766,"$10,441,000",2766,10/31
2014,Chef,ORF,"$31,424,003",1298,"$204,961",6,5/9
2014,Get On Up,Uni.,"$30,703,100",2469,"$13,585,915",2468,8/1
2014,3 Days to Kill,Rela.,"$30,697,999",2872,"$12,242,218",2872,2/21
2014,Deliver Us From Evil,SGem,"$30,577,122",3049,"$9,740,471",3049,7/2
2014,When the Game Stands Tall,TriS,"$30,127,963",2766,"$8,381,509",2673,8/22
2014,Draft Day,LG/S,"$28,842,237",2781,"$9,783,603",2781,4/11
2014,Oculus,Rela.,"$27,695,246",2648,"$12,005,402",2648,4/11
2014,The Best of Me,Rela.,"$26,766,213",2936,"$10,003,827",2936,10/17
2014,A Walk Among the Tombstones,Uni.,"$26,307,600",2714,"$12,758,780",2712,9/19
2014,That Awkward Moment,Focus,"$26,068,955",2809,"$8,742,109",2809,1/31
2014,Boyhood,IFC,"$25,352,281",775,"$387,618",5,7/11
2013,The Hunger Games: Catching Fire,LGF,"$424,668,047",4163,"$158,074,286",4163,11/22
2013,Iron Man 3,BV,"$409,013,994",4253,"$174,144,585",4253,5/3
2013,Frozen,BV,"$400,738,009",3742,"$243,390",1,11/22
2013,Despicable Me 2,Uni.,"$368,061,265",4003,"$83,517,315",3997,7/3
2013,Man of Steel,WB,"$291,045,518",4207,"$116,619,362",4207,6/14
2013,Gravity,WB,"$274,092,705",3820,"$55,785,112",3575,10/4
2013,Monsters University,BV,"$268,492,764",4004,"$82,429,469",4004,6/21
2013,The Hobbit: The Desolation of Smaug,WB (NL),"$258,366,855",3928,"$73,645,197",3903,12/13
2013,Fast & Furious 6,Uni.,"$238,679,850",3771,"$97,375,245",3658,5/24
2013,Oz The Great and Powerful,BV,"$234,911,825",3912,"$79,110,453",3912,3/8
2013,Star Trek Into Darkness,Par.,"$228,778,661",3907,"$70,165,559",3868,5/16
2013,Thor: The Dark World,BV,"$206,362,140",3841,"$85,737,841",3841,11/8
2013,World War Z,Par.,"$202,359,711",3607,"$66,411,834",3607,6/21
2013,The Croods,Fox,"$187,168,425",4065,"$43,639,736",4046,3/22
2013,The Heat,Fox,"$159,582,188",3184,"$39,115,043",3181,6/28
2013,We're the Millers,WB (NL),"$150,394,119",3445,"$26,419,396",3260,8/7
2013,American Hustle,Sony,"$150,117,807",2629,"$740,455",6,12/13
2013,The Great Gatsby (2013),WB,"$144,840,419",3550,"$50,085,185",3535,5/10
2013,The Conjuring,WB (NL),"$137,400,141",3115,"$41,855,326",2903,7/19
2013,Identity Thief,Uni.,"$134,506,920",3230,"$34,551,025",3141,2/8
2013,Grown Ups 2,Sony,"$133,668,525",3491,"$41,508,572",3491,7/12
2013,The Wolverine,Fox,"$132,556,852",3924,"$53,113,752",3924,7/26
2013,Anchorman 2: The Legend Continues,Par.,"$125,168,368",3507,"$26,232,425",3507,12/18
2013,Lone Survivor,Uni.,"$125,095,601",3285,"$90,872",2,12/25
2013,G.I. Joe: Retaliation,Par.,"$122,523,060",3734,"$40,501,814",3719,3/28
2013,Cloudy with a Chance of Meatballs 2,Sony,"$119,793,567",4001,"$34,017,930",4001,9/27
2013,Now You See Me,LG/S,"$117,723,989",3082,"$29,350,389",2925,5/31
2013,The Wolf of Wall Street,Par.,"$116,900,694",2557,"$18,361,578",2537,12/25
2013,Lee Daniels' The Butler,Wein.,"$116,632,095",3330,"$24,637,312",2933,8/16
2013,The Hangover Part III,WB,"$112,200,072",3565,"$41,671,198",3555,5/23
2013,Epic,Fox,"$107,518,682",3894,"$33,531,068",3882,5/24
2013,Captain Phillips,Sony,"$107,100,855",3143,"$25,718,314",3020,10/11
2013,Jackass Presents: Bad Grandpa,Par.,"$102,003,019",3345,"$32,055,177",3336,10/25
2013,Pacific Rim,WB,"$101,802,906",3285,"$37,285,325",3275,7/12
2013,This is the End,Sony,"$101,470,202",3055,"$20,719,162",3055,6/12
2013,Olympus Has Fallen,FD,"$98,925,640",3106,"$30,373,794",3098,3/22
2013,42,WB,"$95,020,213",3405,"$27,487,144",3003,4/12
2013,Elysium,TriS,"$93,050,117",3284,"$29,807,393",3284,8/9
2013,Planes,BV,"$90,288,712",3716,"$22,232,291",3702,8/9
2013,The Lone Ranger,BV,"$89,302,115",3904,"$29,210,849",3904,7/3
2013,Oblivion,Uni.,"$89,107,235",3792,"$37,054,485",3783,4/19
2013,Insidious Chapter 2,FD,"$83,586,447",3155,"$40,272,103",3049,9/13
2013,Saving Mr. Banks,BV,"$83,301,580",2671,"$413,373",15,12/13
2013,Turbo,Fox,"$83,028,128",3809,"$21,312,625",3806,7/17
2013,2 Guns,Uni.,"$75,612,460",3028,"$27,059,130",3025,8/2
2013,White House Down,Sony,"$73,103,784",3222,"$24,852,258",3222,6/28
2013,Mama,Uni.,"$71,628,180",2781,"$28,402,310",2647,1/18
2013,Safe Haven,Rela.,"$71,349,120",3223,"$21,401,594",3223,2/14
2013,The Smurfs 2,Sony,"$71,017,784",3867,"$17,548,389",3866,7/31
2013,The Best Man Holiday,Uni.,"$70,525,195",2041,"$30,107,555",2024,11/15
2013,Percy Jackson: Sea of Monsters,Fox,"$68,559,554",3080,"$14,401,054",3031,8/7
2013,A Good Day to Die Hard,Fox,"$67,349,198",3555,"$24,834,845",3553,2/14
2013,Warm Bodies,LG/S,"$66,380,662",3009,"$20,353,967",3009,2/1
2013,Jack the Giant Slayer,WB (NL),"$65,187,603",3525,"$27,202,226",3525,3/1
2013,The Purge,Uni.,"$64,473,115",2591,"$34,058,360",2536,6/7
2013,Last Vegas,CBS,"$63,914,167",3237,"$16,334,566",3065,11/1
2013,Ender's Game,LG/S,"$61,737,191",3407,"$27,017,351",3407,11/1
2013,Prisoners,WB,"$61,002,302",3290,"$20,817,053",3260,9/20
2013,After Earth,Sony,"$60,522,097",3401,"$27,520,040",3401,5/31
2013,The Secret Life of Walter Mitty,Fox,"$58,236,838",2922,"$12,765,508",2909,12/25
2013,Escape From Planet Earth,Wein.,"$57,012,977",3353,"$15,891,055",3288,2/15
2013,12 Years a Slave,FoxS,"$56,671,993",1474,"$923,715",19,10/18
2013,Free Birds,Rela.,"$55,750,480",3736,"$15,805,237",3736,11/1
2013,Hansel and Gretel: Witch Hunters,Par.,"$55,703,475",3375,"$19,690,956",3372,1/25
2013,Evil Dead (2013),TriS,"$54,239,856",3025,"$25,775,847",3025,4/5
2013,Red 2,LG/S,"$53,262,560",3016,"$18,048,422",3016,7/19
2013,Tyler Perry's A Madea Christmas,LGF,"$52,543,354",2194,"$16,007,634",2194,12/13
2013,Tyler Perry's Temptation: Confessions of a Marriage Counselor,LGF,"$51,975,354",2047,"$21,641,679",2047,3/29
2013,The Call,TriS,"$51,872,378",2507,"$17,118,745",2507,3/15
2013,Pain and Gain,Par.,"$49,875,291",3303,"$20,244,505",3277,4/26
2013,Gangster Squad,WB,"$46,000,903",3103,"$17,070,347",3103,1/11
2013,Jurassic Park 3D,Uni.,"$45,385,935",2778,"$18,620,145",2771,4/5
2013,The Internship,Fox,"$44,672,764",3399,"$17,325,307",3366,6/7
2013,Instructions Not Included,LGF,"$44,467,206",978,"$7,846,426",348,8/30
2013,Snitch,LG/S,"$42,930,462",2511,"$13,167,607",2511,2/22
2013,Riddick,Uni.,"$42,025,135",3117,"$19,030,375",3107,9/6
2013,A Haunted House,ORF,"$40,041,683",2160,"$18,101,682",2160,1/11
2013,47 Ronin,Uni.,"$38,362,475",2690,"$9,910,310",2689,12/25
2013,August: Osage County,Wein.,"$37,738,810",2411,"$179,302",5,12/27
2013,Philomena,Wein.,"$37,709,979",1225,"$128,435",4,11/22
2013,The Family (2013),Rela.,"$36,918,811",3091,"$14,034,764",3091,9/13
2013,Walking with Dinosaurs,Fox,"$36,076,121",3243,"$7,091,938",3231,12/20
2013,Carrie (2013),SGem,"$35,266,619",3157,"$16,101,552",3157,10/18
2013,Texas Chainsaw 3D,LGF,"$34,341,945",2659,"$21,744,470",2654,1/4
2013,R.I.P.D.,Uni.,"$33,618,855",2852,"$12,691,415",2852,7/19
2013,Blue Jasmine,SPC,"$33,405,481",1283,"$612,064",6,7/26
2013,Kevin Hart: Let Me Explain,LG/S,"$32,244,051",892,"$10,030,463",876,7/3
2013,Side Effects (2013),ORF,"$32,172,757",2605,"$9,303,145",2605,2/8
2013,Scary Movie 5,W/Dim.,"$32,015,787",3402,"$14,157,367",3402,4/12
2013,The Mortal Instruments: City of Bones,SGem,"$31,165,421",3118,"$9,336,957",3118,8/21
2013,Delivery Man,BV,"$30,664,106",3036,"$7,944,977",3036,11/22
2013,Grudge Match,WB,"$29,807,260",2856,"$7,021,993",2838,12/25
2013,One Direction: This is Us,TriS,"$28,873,374",2735,"$15,815,497",2735,8/30
2013,Kick-Ass 2,Uni.,"$28,795,985",2945,"$13,332,955",2940,8/16
2013,Dallas Buyers Club,Focus,"$27,298,285",1110,"$260,865",9,11/1
2013,Rush (2013),Uni.,"$26,947,624",2308,"$187,289",5,9/20
2013,The Host (2013),ORF,"$26,627,201",3202,"$10,600,112",3202,3/29
2013,The World's End,Focus,"$26,004,851",1553,"$8,811,790",1551,8/23
2013,21 and Over,Rela.,"$25,682,380",2771,"$8,754,168",2771,3/1
2013,Her (2013),WB,"$25,568,251",1729,"$260,382",6,12/18
2012,Marvel's The Avengers,BV,"$623,357,910",4349,"$207,438,708",4349,5/4
2012,The Dark Knight Rises,WB,"$448,139,099",4404,"$160,887,295",4404,7/20
2012,The Hunger Games,LGF,"$408,010,692",4137,"$152,535,747",4137,3/23
2012,Skyfall,Sony,"$304,360,277",3526,"$88,364,714",3505,11/9
2012,The Hobbit: An Unexpected Journey,WB (NL),"$303,003,568",4100,"$84,617,303",4045,12/14
2012,The Twilight Saga: Breaking Dawn Part 2,LG/S,"$292,324,737",4070,"$141,067,634",4070,11/16
2012,The Amazing Spider-Man,Sony,"$262,030,663",4318,"$62,004,688",4318,7/3
2012,Brave,BV,"$237,283,207",4164,"$66,323,594",4164,6/22
2012,Ted,Uni.,"$218,815,487",3303,"$54,415,205",3239,6/29
2012,Madagascar 3: Europe's Most Wanted,P/DW,"$216,391,482",4263,"$60,316,738",4258,6/8
2012,Dr. Seuss' The Lorax,Uni.,"$214,030,500",3769,"$70,217,070",3729,3/2
2012,Wreck-It Ralph,BV,"$189,422,889",3752,"$49,038,712",3752,11/2
2012,Lincoln,BV,"$182,207,973",2293,"$944,308",11,11/9
2012,MIB 3,Sony,"$179,020,854",4248,"$54,592,779",4248,5/25
2012,Django Unchained,Wein.,"$162,805,434",3012,"$30,122,888",3010,12/25
2012,Ice Age: Continental Drift,Fox,"$161,321,843",3886,"$46,629,259",3881,7/13
2012,Snow White and the Huntsman,Uni.,"$155,332,381",3777,"$56,217,700",3773,6/1
2012,Les Miserables (2012),Uni.,"$148,809,770",2927,"$27,281,735",2814,12/25
2012,Hotel Transylvania,Sony,"$148,313,048",3375,"$42,522,194",3349,9/28
2012,Taken 2,Fox,"$139,854,287",3706,"$49,514,769",3661,10/5
2012,21 Jump Street,Sony,"$138,447,667",3148,"$36,302,612",3121,3/16
2012,Argo,WB,"$136,025,503",3247,"$19,458,109",3232,10/12
2012,Silver Linings Playbook,Wein.,"$132,092,958",2809,"$443,003",16,11/16
2012,Prometheus,Fox,"$126,477,084",3442,"$51,050,101",3396,6/8
2012,Safe House,Uni.,"$126,373,434",3121,"$40,172,720",3119,2/10
2012,The Vow,SGem,"$125,014,030",3038,"$41,202,458",2958,2/10
2012,Life of Pi,Fox,"$124,987,023",2946,"$22,451,514",2927,11/21
2012,Magic Mike,WB,"$113,721,571",3120,"$39,127,170",2930,6/29
2012,The Bourne Legacy,Uni.,"$113,203,870",3753,"$38,142,825",3745,8/10
2012,Journey 2: The Mysterious Island,WB (NL),"$103,860,290",3500,"$27,335,363",3470,2/10
2012,Rise of the Guardians,P/DW,"$103,412,758",3672,"$23,773,465",3653,11/21
2012,Zero Dark Thirty,Sony,"$95,720,716",2946,"$417,150",5,12/19
2012,Flight,Par.,"$93,772,375",2638,"$24,900,566",1884,11/2
2012,Think Like a Man,SGem,"$91,547,205",2052,"$33,636,303",2015,4/20
2012,The Campaign,WB,"$86,907,746",3302,"$26,588,460",3205,8/10
2012,The Expendables 2,LGF,"$85,028,192",3355,"$28,591,370",3316,8/17
2012,Wrath of the Titans,WB,"$83,670,083",3545,"$33,457,188",3545,3/30
2012,Jack Reacher,Par.,"$80,070,736",3352,"$15,210,156",3352,12/21
2012,Dark Shadows,WB,"$79,727,149",3755,"$29,685,274",3755,5/11
2012,Parental Guidance,Fox,"$77,267,296",3368,"$14,554,053",3367,12/25
2012,John Carter,BV,"$73,078,100",3749,"$30,180,188",3749,3/9
2012,Act of Valor,Rela.,"$70,012,847",3053,"$24,476,632",3039,2/24
2012,This Is 40,Uni.,"$67,544,505",2931,"$11,579,175",2912,12/21
2012,Contraband,Uni.,"$66,528,000",2870,"$24,349,815",2863,1/13
2012,Looper,TriS,"$66,486,205",2993,"$20,801,552",2992,9/28
2012,Tyler Perry's Madea's Witness Protection,LGF,"$65,653,242",2161,"$25,390,575",2161,6/29
2012,Battleship,Uni.,"$65,422,625",3702,"$25,534,825",3690,5/18
2012,Pitch Perfect,Uni.,"$65,001,093",2787,"$5,149,433",335,9/28
2012,Mirror Mirror,Rela.,"$64,935,167",3618,"$18,132,085",3603,3/30
2012,Chronicle (2012),Fox,"$64,575,175",2908,"$22,004,098",2907,2/3
2012,Hope Springs,Sony,"$63,536,011",2441,"$14,650,121",2361,8/8
2012,Underworld Awakening,SGem,"$62,321,039",3078,"$25,306,725",3078,1/20
2012,The Lucky One,WB,"$60,457,138",3175,"$22,518,358",3155,4/20
2012,The Dictator,Par.,"$59,650,222",3014,"$17,435,092",3008,5/16
2012,Total Recall (2012),Sony,"$58,877,969",3601,"$25,577,758",3601,8/3
2012,Titanic 3D,Par.,"$57,884,114",3674,"$17,285,453",2674,4/4
2012,American Reunion,Uni.,"$57,011,521",3203,"$21,514,080",3192,4/6
2012,ParaNorman,Focus,"$56,003,051",3455,"$14,087,050",3429,8/17
2012,This Means War,Fox,"$54,760,791",3189,"$17,405,930",3189,2/17
2012,Project X,WB,"$54,731,865",3055,"$21,051,363",3055,3/2
2012,The Woman in Black,CBS,"$54,333,290",2856,"$20,874,072",2855,2/3
2012,Paranormal Activity 4,Par.,"$53,900,335",3412,"$29,003,866",3412,10/19
2012,The Devil Inside,Par.,"$53,261,944",2551,"$33,732,515",2285,1/6
2012,The Odd Life of Timothy Green,BV,"$51,854,875",2717,"$10,822,903",2598,8/15
2012,Ghost Rider: Spirit of Vengeance,Sony,"$51,774,002",3174,"$22,115,334",3174,2/17
2012,The Grey,ORF,"$51,580,236",3208,"$19,665,101",3185,1/27
2012,Red Tails,Fox,"$49,876,377",2573,"$18,782,154",2512,1/20
2012,The Possession,LGF,"$49,130,154",2860,"$17,732,480",2816,8/31
2012,Diary of a Wimpy Kid: Dog Days,Fox,"$49,008,662",3401,"$14,623,599",3391,8/3
2012,Sinister,LG/S,"$48,086,903",2542,"$18,007,634",2527,10/12
2012,Beauty and the Beast (3D),BV,"$47,617,067",2625,"$17,751,905",2625,1/13
2012,Savages (2012),Uni.,"$47,382,068",2635,"$16,016,910",2628,7/6
2012,The Best Exotic Marigold Hotel,FoxS,"$46,412,041",1298,"$737,051",27,5/4
2012,Moonrise Kingdom,Focus,"$45,512,466",924,"$522,996",4,5/25
2012,Here Comes the Boom,Sony,"$45,290,318",3014,"$11,816,596",3014,10/12
2012,Red Dawn (2012),FD,"$44,806,783",2781,"$14,276,668",2724,11/21
2012,The Three Stooges,Fox,"$44,338,224",3482,"$17,010,125",3477,4/13
2012,Star Wars: Episode I - The Phantom Menace (in 3D),Fox,"$43,456,382",2655,"$22,469,932",2655,2/10
2012,Resident Evil: Retribution,SGem,"$42,345,531",3016,"$21,052,227",3012,9/14
2012,The Cabin in the Woods,LGF,"$42,073,277",2811,"$14,743,614",2811,4/13
2012,What to Expect When You're Expecting,LGF,"$41,152,203",3021,"$10,547,068",3021,5/18
2012,Finding Nemo (3D),BV,"$41,128,283",2904,"$16,687,773",2904,9/14
2012,End of Watch,ORF,"$41,003,371",2780,"$13,152,683",2730,9/21
2012,Rock of Ages,WB (NL),"$38,518,613",3470,"$14,437,269",3470,6/15
2012,Abraham Lincoln: Vampire Hunter,Fox,"$37,519,139",3109,"$16,306,974",3108,6/22
2012,Lawless,Wein.,"$37,400,127",3138,"$10,001,982",2888,8/29
2012,The Guilt Trip,Par.,"$37,134,215",2431,"$5,290,629",2431,12/19
2012,That's My Boy,Sony,"$36,931,089",3030,"$13,453,714",3030,6/15
2012,Trouble with the Curve,WB,"$35,763,137",3212,"$12,162,040",3212,9/21
2012,The Watch,Fox,"$35,353,000",3168,"$12,750,297",3168,7/27
2012,Frankenweenie,BV,"$35,291,068",3005,"$11,412,213",3005,10/5
2012,Step Up Revolution,LG/S,"$35,074,677",2606,"$11,731,708",2567,7/27
2012,Tyler Perry's Good Deeds,LGF,"$35,025,791",2132,"$15,583,924",2132,2/24
2012,"Monsters, Inc. (3D)",BV,"$34,043,006",2618,"$4,774,686",2618,12/19
2012,2016 Obama's America,RM,"$33,449,086",2017,"$31,610",1,7/13
2012,House at the End of The Street,Rela.,"$31,611,916",3083,"$12,287,234",3083,9/21
2012,The Pirates! Band of Misfits,Sony,"$31,051,126",3358,"$11,137,734",3358,4/27
2012,Joyful Noise,WB,"$30,932,113",2735,"$11,225,190",2735,1/13
2012,Chimpanzee,BV,"$28,972,764",1567,"$10,673,748",1563,4/20
2012,The Five-Year Engagement,Uni.,"$28,835,528",2941,"$10,610,060",2936,4/27
2011,Harry Potter and the Deathly Hallows Part 2,WB,"$381,011,219",4375,"$169,189,427",4375,7/15
2011,Transformers: Dark of the Moon,P/DW,"$352,390,543",4088,"$97,852,865",4088,6/29
2011,The Twilight Saga: Breaking Dawn Part 1,Sum.,"$281,287,133",4066,"$138,122,261",4061,11/18
2011,The Hangover Part II,WB,"$254,464,305",3675,"$85,946,294",3615,5/26
2011,Pirates of the Caribbean: On Stranger Tides,BV,"$241,071,802",4164,"$90,151,958",4155,5/20
2011,Fast Five,Uni.,"$209,837,675",3793,"$86,198,765",3644,4/29
2011,Mission: Impossible - Ghost Protocol,Par.,"$209,397,903",3555,"$12,785,204",425,12/16
2011,Cars 2,BV,"$191,452,396",4115,"$66,135,507",4115,6/24
2011,Sherlock Holmes: A Game of Shadows,WB,"$186,848,418",3703,"$39,637,079",3703,12/16
2011,Thor,Par.,"$181,030,624",3963,"$65,723,338",3955,5/6
2011,Rise of the Planet of the Apes,Fox,"$176,760,185",3691,"$54,806,191",3648,8/5
2011,Captain America: The First Avenger,Par.,"$176,654,505",3715,"$65,058,524",3715,7/22
2011,The Help,BV,"$169,708,112",3014,"$26,044,590",2534,8/10
2011,Bridesmaids,Uni.,"$169,106,725",2958,"$26,247,410",2918,5/13
2011,Kung Fu Panda 2,P/DW,"$165,249,063",3952,"$47,656,302",3925,5/26
2011,Puss in Boots,P/DW,"$149,260,504",3963,"$34,077,439",3952,10/28
2011,X-Men: First Class,Fox,"$146,408,305",3692,"$55,101,604",3641,6/3
2011,Rio,Fox,"$143,619,809",3842,"$39,225,962",3826,4/15
2011,The Smurfs,Sony,"$142,614,158",3427,"$35,611,637",3395,7/29
2011,Alvin and the Chipmunks: Chipwrecked,Fox,"$133,110,742",3734,"$23,244,744",3723,12/16
2011,Super 8,Par.,"$127,004,179",3424,"$35,451,168",3379,6/10
2011,Rango,Par.,"$123,477,607",3923,"$38,079,323",3917,3/4
2011,Horrible Bosses,WB (NL),"$117,538,559",3134,"$28,302,165",3040,7/8
2011,Green Lantern,WB,"$116,601,172",3816,"$53,174,303",3816,6/17
2011,Hop,Uni.,"$108,085,305",3616,"$37,543,710",3579,4/1
2011,Paranormal Activity 3,Par.,"$104,028,807",3329,"$52,568,183",3321,10/21
2011,Just Go With It,Sony,"$103,028,109",3548,"$30,514,732",3548,2/11
2011,The Girl with the Dragon Tattoo (2011),Sony,"$102,515,793",2950,"$12,768,604",2914,12/21
2011,Bad Teacher,Sony,"$100,292,856",3049,"$31,603,106",3049,6/24
2011,Cowboys & Aliens,Uni.,"$100,240,551",3754,"$36,431,290",3750,7/29
2011,Gnomeo and Juliet,BV,"$99,967,670",3037,"$25,356,909",2994,2/11
2011,The Green Hornet,Sony,"$98,780,042",3584,"$33,526,876",3584,1/14
2011,The Lion King (in 3D),BV,"$94,242,001",2340,"$30,151,614",2330,9/16
2011,The Muppets,BV,"$88,631,237",3440,"$29,239,026",3440,11/23
2011,Real Steel,BV,"$85,468,508",3440,"$27,319,677",3440,10/7
2011,"Crazy, Stupid, Love.",WB,"$84,351,197",3020,"$19,104,303",3020,7/29
2011,Battle: Los Angeles,Sony,"$83,552,429",3417,"$35,573,187",3417,3/11
2011,Immortals,Rela.,"$83,504,017",3120,"$32,206,425",3112,11/11
2011,The Descendants,FoxS,"$82,584,160",2038,"$1,190,096",29,11/16
2011,Zookeeper,Sony,"$80,360,843",3482,"$20,065,617",3482,7/8
2011,War Horse,BV,"$79,884,879",2856,"$7,515,402",2376,12/25
2011,Limitless,Rela.,"$79,249,455",2838,"$18,907,302",2756,3/18
2011,Tower Heist,Uni.,"$78,046,570",3370,"$24,025,190",3367,11/4
2011,The Adventures of Tintin,Par.,"$77,591,831",3087,"$9,720,993",3087,12/21
2011,Contagion,WB,"$75,658,097",3222,"$22,403,596",3222,9/9
2011,We Bought a Zoo,Fox,"$75,624,550",3170,"$9,360,434",3117,12/23
2011,Moneyball,Sony,"$75,605,492",3018,"$19,501,302",2993,9/23
2011,Jack and Jill,Sony,"$74,158,157",3438,"$25,003,575",3438,11/11
2011,Hugo,Par.,"$73,864,507",2608,"$11,364,505",1277,11/23
2011,Justin Bieber: Never Say Never,Par.,"$73,013,910",3118,"$29,514,054",3105,2/11
2011,Dolphin Tale,WB,"$72,286,779",3515,"$19,152,401",3507,9/23
2011,No Strings Attached,Par.,"$70,662,220",3050,"$19,652,921",3018,1/21
2011,Mr. Popper's Penguins,Fox,"$68,224,452",3342,"$18,445,355",3339,6/17
2011,Happy Feet Two,WB,"$64,006,466",3611,"$21,237,068",3606,11/18
2011,Unknown,WB,"$63,686,397",3043,"$21,856,389",3043,2/18
2011,The Adjustment Bureau,Uni.,"$62,495,645",2847,"$21,157,730",2840,3/4
2011,Water for Elephants,Fox,"$58,709,717",2820,"$16,842,353",2817,4/22
2011,The Lincoln Lawyer,LGF,"$58,009,200",2707,"$13,206,453",2707,3/18
2011,Midnight in Paris,SPC,"$56,817,045",1038,"$599,003",6,5/20
2011,Friends with Benefits,SGem,"$55,802,754",2926,"$18,622,150",2926,7/22
2011,I Am Number Four,BV,"$55,100,437",3156,"$19,449,893",3154,2/18
2011,Source Code,Sum.,"$54,712,227",2971,"$14,812,094",2961,4/1
2011,New Year's Eve,WB (NL),"$54,544,638",3505,"$13,019,180",3505,12/9
2011,Insidious,FD,"$54,009,150",2419,"$13,271,464",2408,4/1
2011,Tyler Perry's Madea's Big Happy Family,LGF,"$53,345,287",2288,"$25,068,677",2288,4/22
2011,Diary of a Wimpy Kid: Rodrick Rules,Fox,"$52,698,535",3169,"$23,751,502",3167,3/25
2011,Footloose (2011),Par.,"$51,802,742",3555,"$15,556,113",3549,10/14
2011,The Dilemma,Uni.,"$48,475,290",2943,"$17,816,230",2940,1/14
2011,Arthur Christmas,Sony,"$46,462,469",3376,"$12,068,931",3376,11/23
2011,Hall Pass,WB (NL),"$45,060,734",2950,"$13,535,374",2950,2/25
2011,The Artist,Wein.,"$44,671,682",1756,"$204,878",4,11/25
2011,Soul Surfer,TriS,"$43,853,424",2240,"$10,601,862",2214,4/8
2011,Final Destination 5,WB (NL),"$42,587,643",3155,"$18,031,396",3155,8/12
2011,The Ides of March,Sony,"$40,962,534",2199,"$10,470,143",2199,10/7
2011,Hanna,Focus,"$40,259,119",2545,"$12,370,549",2535,4/8
2011,Something Borrowed,WB,"$39,046,489",2904,"$13,945,368",2904,5/6
2011,Spy Kids: All the Time in the World,W/Dim.,"$38,538,188",3305,"$11,644,672",3295,8/19
2011,Scream 4,W/Dim.,"$38,180,928",3314,"$18,692,090",3305,4/15
2011,"Big Mommas: Like Father, Like Son",Fox,"$37,915,414",2821,"$16,300,803",2821,2/18
2011,Red Riding Hood,WB,"$37,662,162",3030,"$14,005,335",3030,3/11
2011,In Time,Fox,"$37,520,095",3127,"$12,050,368",3122,10/28
2011,Paul,Uni.,"$37,412,945",2806,"$13,043,310",2802,3/18
2011,J. Edgar,WB,"$37,306,030",1985,"$11,217,324",1910,11/9
2011,The Roommate,SGem,"$37,300,107",2534,"$15,002,635",2534,2/4
2011,Jumping the Broom,TriS,"$37,295,394",2035,"$15,215,487",2035,5/6
2011,The Change-Up,Uni.,"$37,081,475",2913,"$13,531,115",2913,8/5
2011,30 Minutes or Less,Sony,"$37,053,924",2888,"$13,330,118",2888,8/12
2011,Colombiana,TriS,"$36,665,854",2614,"$10,408,176",2614,8/26
2011,Sucker Punch,WB,"$36,392,502",3033,"$19,058,199",3033,3/25
2011,Larry Crowne,Uni.,"$35,608,245",2976,"$13,096,065",2973,7/1
2011,A Very Harold & Kumar 3D Christmas,WB,"$35,061,031",2875,"$12,954,142",2875,11/4
2011,Drive (2011),FD,"$35,060,689",2904,"$11,340,461",2886,9/16
2011,50/50,Sum.,"$35,014,192",2479,"$8,644,095",2458,9/30
2011,Courageous,TriS,"$34,522,221",1214,"$9,112,839",1161,9/30
2011,The Rite,WB (NL),"$33,047,633",2985,"$14,789,393",2985,1/28
2011,Arthur (2011),WB,"$33,035,397",3276,"$12,222,756",3276,4/8
2011,Extremely Loud & Incredibly Close,WB,"$31,847,881",2630,"$72,348",6,12/25
2011,The Debt,Focus,"$31,177,548",1874,"$9,909,499",1826,8/31
2011,The Sitter,Fox,"$30,441,326",2752,"$9,851,435",2750,12/9
2011,The Iron Lady,Wein.,"$30,017,992",1244,"$220,409",4,12/30
2010,Toy Story 3,BV,"$415,004,880",4028,"$110,307,189",4028,6/18
2010,Alice in Wonderland (2010),BV,"$334,191,110",3739,"$116,101,023",3728,3/5
2010,Iron Man 2,Par.,"$312,433,331",4390,"$128,122,480",4380,5/7
2010,The Twilight Saga: Eclipse,Sum.,"$300,531,751",4468,"$64,832,191",4468,6/30
2010,Harry Potter and the Deathly Hallows Part 1,WB,"$295,983,305",4125,"$125,017,372",4125,11/19
2010,Inception,WB,"$292,576,195",3792,"$62,785,337",3792,7/16
2010,Despicable Me,Uni.,"$251,513,985",3602,"$56,397,125",3476,7/9
2010,Shrek Forever After,P/DW,"$238,736,787",4386,"$70,838,207",4359,5/21
2010,How to Train Your Dragon,P/DW,"$217,581,231",4060,"$43,732,319",4055,3/26
2010,Tangled,BV,"$200,821,936",3603,"$48,767,052",3603,11/24
2010,The Karate Kid,Sony,"$176,591,618",3740,"$55,665,805",3663,6/11
2010,Tron Legacy,BV,"$172,062,763",3451,"$44,026,211",3451,12/17
2010,True Grit,Par.,"$171,243,005",3464,"$24,830,443",3047,12/22
2010,Clash of the Titans (2010),WB,"$163,214,888",3802,"$61,235,105",3777,4/2
2010,Grown Ups,Sony,"$162,001,186",3534,"$40,506,562",3534,6/25
2010,Little Fockers,Uni.,"$148,438,600",3675,"$30,833,665",3536,12/22
2010,Megamind,P/DW,"$148,415,853",3949,"$46,016,833",3944,11/5
2010,The King's Speech,Wein.,"$135,453,143",2584,"$355,450",4,11/26
2010,The Last Airbender,Par.,"$131,772,187",3203,"$40,325,019",3169,7/1
2010,Shutter Island,Par.,"$128,012,934",3356,"$41,062,440",2991,2/19
2010,The Other Guys,Sony,"$119,219,978",3651,"$35,543,162",3651,8/6
2010,Salt,Sony,"$118,311,368",3612,"$36,011,243",3612,7/23
2010,Jackass 3-D,Par.,"$117,229,692",3139,"$50,353,641",3081,10/15
2010,Valentine's Day,WB (NL),"$110,485,654",3665,"$56,260,707",3665,2/12
2010,Black Swan,FoxS,"$106,954,678",2407,"$1,443,809",18,12/3
2010,Robin Hood,Uni.,"$105,269,730",3505,"$36,063,385",3503,5/14
2010,The Chronicles of Narnia: The Voyage of the Dawn Treader,Fox,"$104,386,950",3555,"$24,005,069",3555,12/10
2010,The Expendables,LGF,"$103,068,524",3398,"$34,825,135",3270,8/13
2010,Due Date,WB,"$100,539,043",3365,"$32,689,406",3355,11/5
2010,Yogi Bear,WB,"$100,246,011",3515,"$16,411,322",3515,12/17
2010,Date Night,Fox,"$98,711,404",3380,"$25,207,599",3374,4/9
2010,The Social Network,Sony,"$96,962,694",2921,"$22,445,653",2771,10/1
2010,Sex and the City 2,WB (NL),"$95,347,692",3445,"$31,001,870",3445,5/27
2010,The Book of Eli,WB,"$94,835,059",3111,"$32,789,494",3111,1/15
2010,The Fighter,Par.,"$93,617,009",2534,"$300,010",4,12/10
2010,The Town,WB,"$92,186,262",2935,"$23,808,032",2861,9/17
2010,Prince of Persia: The Sands of Time,BV,"$90,759,676",3646,"$30,095,259",3646,5/28
2010,Red,Sum.,"$90,380,162",3349,"$21,761,408",3255,10/15
2010,Percy Jackson & The Olympians: The Lightning Thief,Fox,"$88,768,303",3396,"$31,236,067",3356,2/12
2010,Paranormal Activity 2,Par.,"$84,752,907",3239,"$40,678,424",3216,10/22
2010,Unstoppable,Fox,"$81,562,942",3261,"$22,688,457",3207,11/12
2010,Eat Pray Love,Sony,"$80,574,010",3108,"$23,104,523",3082,8/13
2010,Dear John,SGem,"$80,014,842",3062,"$30,468,614",2969,2/5
2010,The A-Team,Fox,"$77,222,099",3544,"$25,669,455",3535,6/11
2010,Knight & Day,Fox,"$76,423,035",3104,"$20,139,985",3098,6/23
2010,Dinner for Schmucks,P/DW,"$73,026,337",3046,"$23,527,839",2911,7/30
2010,The Tourist,Sony,"$67,631,157",2756,"$16,472,458",2756,12/10
2010,The Bounty Hunter,Sony,"$67,061,228",3118,"$20,686,423",3074,3/19
2010,Diary of a Wimpy Kid,Fox,"$64,003,625",3083,"$22,126,166",3077,3/19
2010,The Sorcerer's Apprentice,BV,"$63,150,991",3504,"$17,619,622",3504,7/14
2010,A Nightmare on Elm Street (2010),WB (NL),"$63,075,011",3332,"$32,902,299",3332,4/30
2010,The Last Song,BV,"$62,950,384",2794,"$16,007,426",2673,3/31
2010,The Wolfman,Uni.,"$61,979,680",3223,"$31,479,235",3222,2/12
2010,Get Him to the Greek,Uni.,"$60,974,475",2702,"$17,570,955",2697,6/4
2010,Resident Evil: Afterlife,SGem,"$60,128,566",3209,"$26,650,264",3203,9/10
2010,Tyler Perry's Why Did I Get Married Too?,LGF,"$60,095,852",2155,"$29,289,537",2155,4/2
2010,Tooth Fairy,Fox,"$60,022,256",3345,"$14,010,409",3344,1/22
2010,Secretariat,BV,"$59,713,955",3108,"$12,694,770",3072,10/8
2010,Easy A,SGem,"$58,401,464",2974,"$17,734,040",2856,9/17
2010,Takers,SGem,"$57,744,720",2206,"$20,512,304",2206,8/27
2010,Legend of the Guardians: The Owls of Ga'Hoole,WB,"$55,675,313",3575,"$16,112,211",3575,9/24
2010,Life as We Know It,WB,"$53,374,681",3150,"$14,506,464",3150,10/8
2010,Letters to Juliet,Sum.,"$53,032,453",2975,"$13,540,486",2968,5/14
2010,Hubble 3D,WB,"$52,497,793",151,"$413,477",39,3/19
2010,Wall Street: Money Never Sleeps,Fox,"$52,474,616",3597,"$19,011,188",3565,9/24
2010,Predators,Fox,"$52,000,688",2669,"$24,760,882",2669,7/9
2010,Hot Tub Time Machine,MGM,"$50,287,556",2771,"$14,020,502",2754,3/26
2010,Kick-Ass,LGF,"$48,071,303",3065,"$19,828,687",3065,4/16
2010,Killers,LGF,"$47,059,963",2859,"$15,837,266",2859,6/4
2010,Saw 3D,LGF,"$45,710,178",2808,"$22,530,123",2808,10/29
2010,Cop Out,WB,"$44,875,481",3150,"$18,211,126",3150,2/26
2010,Cats & Dogs: The Revenge of Kitty Galore,WB,"$43,585,753",3705,"$12,279,363",3705,7/30
2010,Edge of Darkness,WB,"$43,313,890",3066,"$17,214,384",3066,1/29
2010,Gulliver's Travels,Fox,"$42,779,261",3089,"$6,307,691",2546,12/25
2010,Death at a Funeral (2010),SGem,"$42,739,347",2459,"$16,217,540",2459,4/16
2010,Step Up 3-D,BV,"$42,400,223",2439,"$15,812,311",2435,8/6
2010,The Last Exorcism,LGF,"$41,034,350",2874,"$20,366,613",2874,8/27
2010,Legion (2010),SGem,"$40,168,080",2476,"$17,501,625",2476,1/22
2010,Burlesque,SGem,"$39,440,655",3037,"$11,947,744",3037,11/24
2010,The Crazies,Over.,"$39,123,589",2479,"$16,067,552",2476,2/26
2010,For Colored Girls,LGF,"$37,729,698",2127,"$19,497,324",2127,11/5
2010,The Back-Up Plan,CBS,"$37,490,007",3280,"$12,201,710",3280,4/23
2010,Vampires Suck,Fox,"$36,661,504",3233,"$12,202,831",3233,8/18
2010,The American,Focus,"$35,606,376",2833,"$13,177,790",2823,9/1
2010,Green Zone,Uni.,"$35,053,660",3004,"$14,309,295",3003,3/12
2010,Marmaduke,Fox,"$33,644,788",3213,"$11,599,661",3213,6/4
2010,Devil,Uni.,"$33,601,190",2811,"$12,289,375",2809,9/17
2010,Hereafter,WB,"$32,746,941",2424,"$220,322",6,10/15
2010,When in Rome,BV,"$32,680,633",2456,"$12,350,041",2456,1/29
2010,Love and Other Drugs,Fox,"$32,367,005",2458,"$9,739,161",2455,11/24
2010,She's Out of My League,Par.,"$32,010,860",2958,"$9,775,278",2956,3/12
2010,Scott Pilgrim vs. the World,Uni.,"$31,524,275",2820,"$10,609,795",2818,8/13
2010,Charlie St. Cloud,Uni.,"$31,162,545",2725,"$12,381,585",2718,7/30
2010,Morning Glory,Par.,"$31,011,732",2544,"$9,203,266",2518,11/10
2010,How Do You Know,Sony,"$30,212,620",2483,"$7,484,696",2483,12/17
2010,Daybreakers,LGF,"$30,101,577",2523,"$15,146,692",2523,1/8
2010,Nanny McPhee Returns,Uni.,"$29,011,215",2798,"$8,407,685",2784,8/20
2010,The Switch,Mira.,"$27,779,426",2017,"$8,436,713",2012,8/20
2010,Brooklyn's Finest,Over.,"$27,163,593",1939,"$13,350,299",1936,3/5
2010,Machete,Fox,"$26,593,646",2678,"$11,416,164",2670,9/3
2009,Avatar,Fox,"$749,766,139",3461,"$77,025,481",3452,12/18
2009,Transformers: Revenge of the Fallen,P/DW,"$402,111,870",4293,"$108,966,307",4234,6/24
2009,Harry Potter and the Half-Blood Prince,WB,"$301,959,197",4455,"$77,835,727",4325,7/15
2009,The Twilight Saga: New Moon,Sum.,"$296,623,634",4124,"$142,839,137",4024,11/20
2009,Up,BV,"$293,004,164",3886,"$68,108,790",3766,5/29
2009,The Hangover,WB,"$277,322,503",3545,"$44,979,319",3269,6/5
2009,Star Trek,Par.,"$257,730,019",4053,"$75,204,289",3849,5/8
2009,The Blind Side,WB,"$255,959,475",3407,"$34,119,372",3110,11/20
2009,Alvin and the Chipmunks: The Squeakquel,Fox,"$219,614,612",3747,"$48,875,415",3700,12/23
2009,Sherlock Holmes,WB,"$209,028,679",3626,"$62,304,277",3626,12/25
2009,Monsters Vs. Aliens,P/DW,"$198,351,526",4136,"$59,321,095",4104,3/27
2009,Ice Age: Dawn of the Dinosaurs,Fox,"$196,573,705",4102,"$41,690,382",4099,7/1
2009,X-Men Origins: Wolverine,Fox,"$179,883,157",4102,"$85,058,003",4099,5/1
2009,Night at the Museum: Battle of the Smithsonian,Fox,"$177,243,721",4101,"$54,173,286",4096,5/22
2009,2012,Sony,"$166,112,167",3444,"$65,237,614",3404,11/13
2009,The Proposal,BV,"$163,958,031",3158,"$33,627,598",3056,6/19
2009,Fast and Furious,Uni.,"$155,064,265",3674,"$70,950,500",3461,4/3
2009,G.I. Joe: The Rise of Cobra,Par.,"$150,201,498",4007,"$54,713,046",4007,8/7
2009,Paul Blart: Mall Cop,Sony,"$146,336,178",3206,"$31,832,636",3144,1/16
2009,Taken,Fox,"$145,000,989",3184,"$24,717,037",3183,1/30
2009,A Christmas Carol (2009),BV,"$137,855,863",3683,"$30,051,075",3683,11/6
2009,Angels & Demons,Sony,"$133,375,846",3527,"$46,204,168",3527,5/15
2009,Terminator Salvation,WB,"$125,322,469",3602,"$42,558,390",3530,5/21
2009,Cloudy with a Chance of Meatballs,Sony,"$124,870,275",3119,"$30,304,648",3119,9/18
2009,Inglourious Basterds,Wein.,"$120,540,719",3358,"$38,054,676",3165,8/21
2009,G-Force,BV,"$119,436,770",3697,"$31,706,934",3697,7/24
2009,District 9,TriS,"$115,646,235",3180,"$37,354,308",3049,8/14
2009,It's Complicated,Uni.,"$112,735,375",2955,"$22,100,820",2887,12/25
2009,Couples Retreat,Uni.,"$109,204,945",3074,"$34,286,740",3000,10/9
2009,Paranormal Activity,Par.,"$107,918,810",2712,"$77,873",12,9/25
2009,Watchmen,WB,"$107,509,799",3611,"$55,214,334",3611,3/6
2009,The Princess and the Frog,BV,"$104,400,899",3475,"$786,190",2,11/25
2009,Public Enemies,Uni.,"$97,104,620",3336,"$25,271,675",3334,7/1
2009,Julie & Julia,Sony,"$94,125,426",2528,"$20,027,956",2354,8/7
2009,He's Just Not That Into You,WB (NL),"$93,953,653",3175,"$27,785,487",3175,2/6
2009,Tyler Perry's Madea Goes to Jail,LGF,"$90,508,336",2203,"$41,030,947",2032,2/20
2009,The Ugly Truth,Sony,"$88,915,214",2975,"$27,605,576",2882,7/24
2009,Up in the Air,Par.,"$83,823,381",2218,"$1,181,450",15,12/4
2009,Knowing,Sum.,"$79,957,634",3337,"$24,604,751",3332,3/20
2009,Hannah Montana The Movie,BV,"$79,576,189",3231,"$32,324,487",3118,4/10
2009,Where the Wild Things Are,WB,"$77,233,467",3735,"$32,695,407",3735,10/16
2009,Zombieland,Sony,"$75,590,286",3171,"$24,733,155",3036,10/2
2009,Coraline,Focus,"$75,286,229",2320,"$16,849,640",2299,2/6
2009,Law Abiding Citizen,Over.,"$73,357,727",2890,"$21,039,502",2890,10/16
2009,Hotel for Dogs,P/DW,"$73,034,460",3271,"$17,012,212",3271,1/16
2009,Michael Jackson's This Is It,Sony,"$72,091,016",3481,"$23,234,394",3481,10/28
2009,"I Love You, Man",P/DW,"$71,440,011",2829,"$17,810,270",2711,3/20
2009,Obsessed,SGem,"$68,261,644",2634,"$28,612,730",2514,4/24
2009,Race to Witch Mountain,BV,"$67,172,594",3268,"$24,402,214",3187,3/13
2009,The Final Destination,WB (NL),"$66,477,700",3121,"$27,408,309",3121,8/28
2009,The Taking of Pelham 1 2 3,Sony,"$65,452,312",3077,"$23,373,102",3074,6/12
2009,Friday the 13th (2009),WB (NL),"$65,002,019",3105,"$40,570,365",3105,2/13
2009,17 Again,WB (NL),"$64,167,069",3255,"$23,722,310",3255,4/17
2009,The Time Traveler's Wife,WB (NL),"$63,414,846",2988,"$18,623,171",2988,8/14
2009,Bruno,Uni.,"$60,054,530",2759,"$30,619,130",2756,7/10
2009,Bride Wars,Fox,"$58,715,510",3228,"$21,058,173",3226,1/9
2009,The Haunting in Connecticut,LGF,"$55,389,516",2732,"$23,004,765",2732,3/27
2009,Ghosts of Girlfriends Past,WB (NL),"$55,250,026",3175,"$15,411,434",3175,5/1
2009,Funny People,Uni.,"$51,855,045",3008,"$22,657,780",3007,7/31
2009,Tyler Perry's I Can Do Bad All By Myself,LGF,"$51,733,921",2255,"$23,446,785",2255,9/11
2009,My Bloody Valentine 3-D,LGF,"$51,545,952",2534,"$21,241,456",2534,1/16
2009,Old Dogs,BV,"$49,492,060",3425,"$16,894,511",3425,11/25
2009,Land of the Lost,Uni.,"$49,438,370",3534,"$18,837,350",3521,6/5
2009,My Sister's Keeper,WB (NL),"$49,200,230",2606,"$12,442,212",2606,6/26
2009,"Precious: Based on the Novel ""Push"" by Sapphire",LGF,"$47,566,524",1003,"$1,872,458",18,11/6
2009,Underworld: Rise of the Lycans,SGem,"$45,802,315",2942,"$20,828,511",2942,1/23
2009,Confessions of a Shopaholic,BV,"$44,277,350",2534,"$15,066,360",2507,2/13
2009,The Lovely Bones,P/DW,"$44,114,232",2638,"$116,616",3,12/11
2009,Year One,Sony,"$43,337,279",3024,"$19,610,304",3022,6/19
2009,The Unborn (2009),Uni.,"$42,670,410",2359,"$19,810,585",2357,1/9
2009,Planet 51,Sony,"$42,194,060",3035,"$12,286,129",3035,11/20
2009,Drag Me to Hell,Uni.,"$42,100,625",2510,"$15,825,480",2508,5/29
2009,Orphan,WB,"$41,596,251",2750,"$12,871,483",2750,7/24
2009,Duplicity,Uni.,"$40,572,825",2579,"$13,965,110",2574,3/20
2009,Crazy Heart,FoxS,"$39,464,306",1361,"$82,664",4,12/16
2009,Surrogates,BV,"$38,577,772",2992,"$14,902,692",2951,9/25
2009,Ninja Assassin,WB,"$38,122,883",2503,"$13,316,158",2503,11/25
2009,Invictus,WB,"$37,491,364",2170,"$8,611,147",2125,12/11
2009,State of Play,Uni.,"$37,017,955",2807,"$14,071,280",2803,4/17
2009,Notorious (2009),FoxS,"$36,843,682",1641,"$20,497,596",1638,1/16
2009,Under the Sea 3D,WB,"$36,191,690",108,"$661,185",49,2/13
2009,The Pink Panther 2,Sony,"$35,922,978",3245,"$11,588,150",3243,2/6
2009,All About Steve,Fox,"$33,862,903",2265,"$11,241,214",2251,9/4
2009,Halloween II (2009),W/Dim.,"$33,392,973",3088,"$16,349,565",3025,8/28
2009,The Informant!,WB,"$33,316,821",2505,"$10,464,314",2505,9/18
2009,The Last House on the Left (2009),Uni.,"$32,752,215",2402,"$14,118,685",2401,3/13
2009,The Men Who Stare at Goats,Over.,"$32,428,195",2453,"$12,706,654",2443,11/6
2009,(500) Days of Summer,FoxS,"$32,391,374",1048,"$834,501",27,7/17
2009,Earth (2009),BV,"$32,011,576",1804,"$8,825,760",1804,4/22
2009,Push,Sum.,"$31,811,527",2313,"$10,079,109",2313,2/6
2009,9,Focus,"$31,749,894",2060,"$10,740,446",1661,9/9
2009,The Soloist,P/DW,"$31,720,158",2090,"$9,716,458",2024,4/24
2009,Toy Story / Toy Story 2 (3D),BV,"$30,702,446",1752,"$12,491,789",1745,10/2
2009,Did You Hear About the Morgans?,Sony,"$29,580,087",2718,"$6,616,571",2718,12/18
2009,The Stepfather (2009),SGem,"$29,062,561",2734,"$11,581,586",2734,10/16
2009,The Uninvited,P/DW,"$28,596,818",2344,"$10,325,824",2344,1/30
2009,Brothers,LGF,"$28,544,157",2088,"$9,527,848",2088,12/4
2009,Saw VI,LGF,"$27,693,292",3036,"$14,118,444",3036,10/23
2009,Dance Flick,Par.,"$25,662,155",2459,"$10,643,536",2450,5/22
2009,The Fourth Kind,Uni.,"$25,486,040",2530,"$12,231,160",2527,11/6
2008,The Dark Knight,WB,"$533,345,358",4366,"$158,411,483",4366,7/18
2008,Iron Man,Par.,"$318,412,101",4154,"$98,618,668",4105,5/2
2008,Indiana Jones and the Kingdom of the Crystal Skull,Par.,"$317,101,119",4264,"$100,137,835",4260,5/22
2008,Hancock,Sony,"$227,946,274",3965,"$62,603,879",3965,7/2
2008,WALL-E,BV,"$223,808,164",3992,"$63,087,526",3992,6/27
2008,Kung Fu Panda,P/DW,"$215,434,591",4136,"$60,239,130",4114,6/6
2008,Twilight,Sum.,"$192,769,854",3649,"$69,637,740",3419,11/21
2008,Madagascar: Escape 2 Africa,P/DW,"$180,010,950",4065,"$63,106,589",4056,11/7
2008,Quantum of Solace,Sony,"$168,368,427",3501,"$67,528,882",3451,11/14
2008,Dr. Seuss' Horton Hears a Who!,Fox,"$154,529,439",3961,"$45,012,998",3954,3/14
2008,Sex and the City,WB (NL),"$152,647,258",3325,"$57,038,404",3285,5/30
2008,Gran Torino,WB,"$148,095,302",3045,"$271,720",6,12/12
2008,Mamma Mia!,Uni.,"$144,130,063",3194,"$27,751,240",2976,7/18
2008,Marley and Me,Fox,"$143,153,751",3505,"$36,357,586",3480,12/25
2008,The Chronicles of Narnia: Prince Caspian,BV,"$141,621,490",3929,"$55,034,805",3929,5/16
2008,Slumdog Millionaire,FoxS,"$141,319,928",2943,"$360,018",10,11/12
2008,The Incredible Hulk,Uni.,"$134,806,913",3508,"$55,414,050",3505,6/13
2008,Wanted,Uni.,"$134,508,551",3185,"$50,927,085",3175,6/27
2008,Get Smart,WB,"$130,319,208",3915,"$38,683,480",3911,6/20
2008,The Curious Case of Benjamin Button,Par.,"$127,509,326",2988,"$26,853,816",2988,12/25
2008,Four Christmases,WB (NL),"$120,146,040",3540,"$31,069,826",3310,11/26
2008,Bolt,BV,"$114,053,579",3654,"$26,223,128",3651,11/21
2008,Tropic Thunder,P/DW,"$110,515,313",3473,"$25,812,796",3319,8/13
2008,Bedtime Stories,BV,"$110,101,975",3684,"$27,450,296",3681,12/25
2008,The Mummy: Tomb of the Dragon Emperor,Uni.,"$102,491,776",3778,"$40,457,770",3760,8/1
2008,Journey to the Center of the Earth,WB (NL),"$101,704,370",2830,"$21,018,141",2811,7/11
2008,Eagle Eye,P/DW,"$101,440,743",3614,"$29,150,721",3510,9/26
2008,Step Brothers,Sony,"$100,468,793",3182,"$30,940,732",3094,7/25
2008,You Don't Mess with the Zohan,Sony,"$100,018,837",3466,"$38,531,374",3462,6/6
2008,Yes Man,WB,"$97,690,976",3434,"$18,262,471",3434,12/19
2008,"10,000 B.C.",WB,"$94,784,201",3454,"$35,867,488",3410,3/7
2008,Beverly Hills Chihuahua,BV,"$94,514,402",3239,"$29,300,465",3215,10/3
2008,High School Musical 3: Senior Year,BV,"$90,559,416",3626,"$42,030,184",3623,10/24
2008,Pineapple Express,Sony,"$87,341,380",3072,"$23,245,025",3072,8/6
2008,Valkyrie,UA,"$83,077,833",2838,"$21,027,007",2711,12/25
2008,21,Sony,"$81,159,365",2952,"$24,105,943",2648,3/28
2008,What Happens in Vegas,Fox,"$80,277,646",3255,"$20,172,474",3215,5/9
2008,Jumper,Fox,"$80,172,128",3430,"$27,354,808",3428,2/14
2008,Cloverfield,Par.,"$80,048,433",3411,"$40,058,229",3411,1/18
2008,The Day the Earth Stood Still (2008),Fox,"$79,366,978",3560,"$30,480,153",3560,12/12
2008,27 Dresses,Fox,"$76,808,654",3074,"$23,007,725",3057,1/18
2008,Hellboy II: The Golden Army,Uni.,"$75,986,503",3212,"$34,539,115",3204,7/11
2008,Vantage Point,Sony,"$72,266,306",3163,"$22,874,936",3149,2/22
2008,The Spiderwick Chronicles,Par.,"$71,195,053",3847,"$19,004,058",3847,2/14
2008,Fool's Gold,WB,"$70,231,041",3125,"$21,589,295",3125,2/8
2008,Seven Pounds,Sony,"$69,951,824",2758,"$14,851,136",2758,12/19
2008,Role Models,Uni.,"$67,294,270",2798,"$19,167,085",2792,11/7
2008,Hannah Montana/Miley Cyrus: Best of Both Worlds Concert Tour,BV,"$65,281,781",687,"$31,117,834",683,2/1
2008,The Happening,Fox,"$64,506,874",2986,"$30,517,109",2986,6/13
2008,Forgetting Sarah Marshall,Uni.,"$63,172,463",2872,"$17,725,330",2798,4/18
2008,Baby Mama,Uni.,"$60,494,212",2627,"$17,407,110",2543,4/25
2008,Burn After Reading,Focus,"$60,355,347",2657,"$19,128,001",2651,9/12
2008,Step Up 2 the Streets,BV,"$58,017,783",2528,"$18,908,826",2470,2/14
2008,Saw V,LGF,"$56,746,769",3084,"$30,053,954",3060,10/24
2008,The Strangers,Rog.,"$52,597,610",2477,"$20,997,985",2466,5/30
2008,The Forbidden Kingdom,LGF,"$52,075,270",3151,"$21,401,121",3151,4/18
2008,The Tale of Despereaux,Uni.,"$50,877,145",3107,"$10,103,675",3104,12/19
2008,Australia,Fox,"$49,554,002",2721,"$14,800,723",2642,11/26
2008,The House Bunny,Sony,"$48,237,389",2763,"$14,533,702",2714,8/22
2008,Nim's Island,Fox,"$48,006,762",3518,"$13,210,579",3513,4/4
2008,Made of Honor,Sony,"$46,012,734",2816,"$14,756,850",2729,5/2
2008,College Road Trip,BV,"$45,610,425",2706,"$13,601,419",2706,3/7
2008,The Sisterhood of the Traveling Pants 2,WB,"$44,089,964",2714,"$10,678,430",2707,8/6
2008,Speed Racer,WB,"$43,945,766",3606,"$18,561,337",3606,5/9
2008,Prom Night (2008),SGem,"$43,869,350",2821,"$20,804,941",2700,4/11
2008,Rambo,LGF,"$42,754,105",2764,"$18,203,876",2751,1/25
2008,Welcome Home Roscoe Jenkins,Uni.,"$42,436,517",2387,"$16,207,730",2387,2/8
2008,Tyler Perry's Meet the Browns,LGF,"$41,975,388",2016,"$20,082,809",2006,3/21
2008,Nights in Rodanthe,WB,"$41,850,659",2704,"$13,418,454",2704,9/26
2008,Max Payne,Fox,"$40,689,393",3381,"$17,639,849",3376,10/17
2008,Righteous Kill,Over.,"$40,081,410",3152,"$16,288,361",3152,9/12
2008,Body of Lies,WB,"$39,394,666",2714,"$12,884,416",2710,10/10
2008,Lakeview Terrace,SGem,"$39,263,506",2574,"$15,004,672",2464,9/19
2008,Meet the Spartans,Fox,"$38,233,676",2643,"$18,505,530",2605,1/25
2008,Harold and Kumar Escape from Guantanamo Bay,WB (NL),"$38,108,728",2545,"$14,908,404",2510,4/25
2008,First Sunday,SGem,"$37,931,869",2213,"$17,714,821",2213,1/11
2008,The Secret Life of Bees,FoxS,"$37,770,162",1630,"$10,527,799",1591,10/17
2008,Tyler Perry's The Family That Preys,LGF,"$37,105,289",2070,"$17,381,218",2070,9/12
2008,Death Race,Uni.,"$36,316,032",2586,"$12,621,090",2532,8/22
2008,Changeling,Uni.,"$35,739,802",1896,"$489,015",15,10/24
2008,Star Wars: The Clone Wars,WB,"$35,161,554",3452,"$14,611,273",3452,8/15
2008,The Reader,Wein.,"$34,194,407",1203,"$168,051",8,12/10
2008,Semi-Pro,NL,"$33,479,698",3121,"$15,075,114",3121,2/29
2008,Fireproof,Gold.,"$33,456,317",905,"$6,836,036",839,9/26
2008,Doubt,Mira.,"$33,446,470",1287,"$507,226",15,12/12
2008,Drillbit Taylor,Par.,"$32,862,104",3061,"$10,309,986",3056,3/21
2008,"Definitely, Maybe",Uni.,"$32,241,649",2220,"$9,764,270",2204,2/14
2008,The Love Guru,Par.,"$32,235,793",3012,"$13,907,130",3012,6/20
2008,Milk,Focus,"$31,841,299",882,"$1,453,844",36,11/26
2008,Transporter 3,LGF,"$31,715,062",2626,"$12,063,452",2626,11/26
2008,Quarantine,SGem,"$31,691,811",2463,"$14,211,321",2461,10/10
2008,Nick and Norah's Infinite Playlist,Sony,"$31,487,293",2421,"$11,311,751",2421,10/3
2008,Zack and Miri Make a Porno,Wein.,"$31,457,946",2735,"$10,065,630",2735,10/31
2008,The Eye,LGF,"$31,418,697",2470,"$12,425,776",2436,2/1
2008,Leatherheads,Uni.,"$31,373,938",2798,"$12,682,595",2769,4/4
2008,Mirrors,Fox,"$30,691,439",2664,"$11,161,074",2664,8/15
2008,Space Chimps,Fox,"$30,105,968",2538,"$7,181,374",2511,7/18
2008,The Bank Job,LGF,"$30,060,660",1613,"$5,935,256",1603,3/7
2008,Untraceable,SGem,"$28,687,835",2368,"$11,354,069",2368,1/25
2008,Defiance,ParV,"$28,644,813",1793,"$123,513",2,12/31
