,title,year,release_date,url
0,Harry Potter and the Half-Blood Prince,2009,8-Jul-09,https://www.rottentomatoes.com/m/harry_potter_and_the_half_blood_prince
1,Terminator Salvation,2009,20-May-09,https://www.rottentomatoes.com/m/terminator_4
2,Indiana Jones and the Kingdom of the Crystal Skull,2008,22-May-08,https://www.rottentomatoes.com/m/indiana_jones_and_the_kingdom_of_the_crystal_skull
3,The Incredible Hulk,2008,12-Jun-08,https://www.rottentomatoes.com/m/the_incredible_hulk
6,The Dark Knight,2008,14-Jul-08,https://www.rottentomatoes.com/m/the_dark_knight
8,The Mummy: Tomb of the Dragon Emperor,2008,31-Jul-08,https://www.rottentomatoes.com/m/mummy_tomb_of_the_dragon_emperor
9,The Forbidden Kingdom,2008,18-Apr-08,https://www.rottentomatoes.com/m/forbidden_kingdom
10,Captain America: The First Avenger,2011,22-Jul-11,https://www.rottentomatoes.com/m/captain_america_the_first_avenger
11,Pirates of the Caribbean: On Stranger Tides,2011,7-May-11,https://www.rottentomatoes.com/m/pirates_of_the_caribbean_on_stranger_tides
13,The Karate Kid,2010,10-Jun-10,https://www.rottentomatoes.com/m/karate_kid_2010
14,The Amazing Spider-Man,2012,4-Jul-12,https://www.rottentomatoes.com/m/the_amazing_spider_man
16,Iron Man,2008,2-May-08,https://www.rottentomatoes.com/m/iron_man
19,X-Men Origins: Wolverine,2009,30-Apr-09,https://www.rottentomatoes.com/m/wolverine
20,Valkyrie,2008,25-Dec-08,https://www.rottentomatoes.com/m/valkyrie
21,The Chronicles of Narnia: Prince Caspian,2008,16-May-08,https://www.rottentomatoes.com/m/chronicles_of_narnia_prince_caspian
23,The Proposal,2009,1-Jun-09,https://www.rottentomatoes.com/m/10010458_proposal
29,Changeling,2008,20-May-08,https://www.rottentomatoes.com/m/1191742_changeling
31,Sex and the City,2008,30-May-08,https://www.rottentomatoes.com/m/sex_and_the_city
32,The Curious Case of Benjamin Button,2008,25-Dec-08,https://www.rottentomatoes.com/m/curious_case_of_benjamin_button
33,Scary Movie 5,2013,12-Apr-13,https://www.rottentomatoes.com/m/scary_movie_5
34,Leatherheads,2008,24-Mar-08,https://www.rottentomatoes.com/m/leatherheads
35,Burn After Reading,2008,12-Sep-08,https://www.rottentomatoes.com/m/burn_after_reading
38,Lucy,2014,25-Jul-14,https://www.rottentomatoes.com/m/lucy_2014
41,27 Dresses,2008,9-Jan-08,https://www.rottentomatoes.com/m/27_dresses
42,Australia,2008,26-Nov-08,https://www.rottentomatoes.com/m/australia
47,My Sister's Keeper,2009,26-Jun-09,https://www.rottentomatoes.com/m/10010662_my_sisters_keeper
48,Meet the Spartans,2008,24-Jan-08,https://www.rottentomatoes.com/m/meet_the_spartans
52,Yesterday,2019,4-May-19,https://www.rottentomatoes.com/m/yesterday_2019
53,Brothers,2009,2-Dec-09,https://www.rottentomatoes.com/m/1213999_brothers
62,Tropic Thunder,2008,13-Aug-08,https://www.rottentomatoes.com/m/tropic_thunder
63,Speed Racer,2008,9-May-08,https://www.rottentomatoes.com/m/speed_racer
64,Cloverfield,2008,15-Jan-08,https://www.rottentomatoes.com/m/cloverfield
67,The Lovely Bones,2009,15-Jan-10,https://www.rottentomatoes.com/m/1189344_lovely_bones
68,21,2008,27-Mar-08,https://www.rottentomatoes.com/m/10009192_21
69,Untraceable,2008,22-Jan-08,https://www.rottentomatoes.com/m/10008954_untraceable
70,The Spiderwick Chronicles,2008,14-Feb-08,https://www.rottentomatoes.com/m/spiderwick_chronicles
72,The Reader,2008,10-Dec-08,https://www.rottentomatoes.com/m/reader
73,Vantage Point,2008,22-Feb-08,https://www.rottentomatoes.com/m/vantage_point
75,Jumper,2008,10-Feb-08,https://www.rottentomatoes.com/m/jumper
78,Ice Age: Dawn of the Dinosaurs,2009,1-Jul-09,https://www.rottentomatoes.com/m/1194515_ice_age_dawn_of_the_dinosaurs
80,The Happening,2008,13-Jun-08,https://www.rottentomatoes.com/m/10007985_happening
82,Transformers: Revenge of the Fallen,2009,23-Jun-09,https://www.rottentomatoes.com/m/transformers_revenge_of_the_fallen
83,Baby Mama,2008,23-Apr-08,https://www.rottentomatoes.com/m/baby_mama
84,Wanted,2008,19-Jun-08,https://www.rottentomatoes.com/m/1174279_wanted
92,The Bank Job,2008,7-Mar-08,https://www.rottentomatoes.com/m/1189844_the_bank_job
94,Fool's Gold,2008,8-Feb-08,https://www.rottentomatoes.com/m/fools_gold_2008
98,Hancock,2008,1-Jul-08,https://www.rottentomatoes.com/m/hancock
100,Twilight,2008,21-Nov-08,https://www.rottentomatoes.com/m/twilight
105,The Eye,2008,1-Feb-08,https://www.rottentomatoes.com/m/10008606_eye
107,Kung Fu Panda,2008,5-Jun-08,https://www.rottentomatoes.com/m/kung_fu_panda
108,What Happens in Vegas,2008,1-May-08,
110,The Call,2013,14-Mar-13,
117,Forgetting Sarah Marshall,2008,17-Apr-08,
119,Unknown,2011,18-Feb-11,
124,Abominable,2019,27-Sep-19,
125,Iron Man 2,2010,7-May-10,
126,The Chronicles of Narnia: The Voyage of the Dawn Treader,2010,10-Dec-10,
127,He's Just Not That Into You,2009,6-Feb-09,
128,The Sisterhood of the Traveling Pants 2,2008,6-Aug-08,
129,How to Train Your Dragon,2010,26-Mar-10,
130,Toy Story 3,2010,17-Jun-10,
132,Fantastic Four,2015,7-Aug-15,
133,The Last Airbender,2010,1-Jul-10,
134,Prince of Persia: The Sands of Time,2010,27-May-10,
135,Thor,2011,6-May-11,
136,Yes Man,2008,19-Dec-08,
137,Bedtime Stories,2008,25-Dec-08,
140,The Tale of Despereaux,2008,19-Dec-08,
141,Milk,2008,28-Oct-08,
150,The Ides of March,2011,7-Oct-11,
151,Zack and Miri Make a Porno,2008,18-Sep-08,
152,The Princess and the Frog,2009,10-Dec-09,
153,Death Race,2008,22-Aug-08,
155,Nim's Island,2008,3-Apr-08,
156,Bride Wars,2009,9-Jan-09,
157,Madagascar: Escape 2 Africa,2008,6-Nov-08,
158,Sherlock Holmes,2009,25-Dec-09,
167,No Escape,2015,26-Aug-15,
170,The Men Who Stare at Goats,2009,5-Nov-09,
171,Pineapple Express,2008,6-Aug-08,
172,You Don't Mess with the Zohan,2008,6-Jun-08,
173,The Strangers,2008,29-May-08,
177,Shrek Forever After,2010,16-May-10,
178,Quantum of Solace,2008,31-Oct-08,
185,Inferno,2016,28-Oct-16,
197,Made of Honor,2008,2-May-08,
198,Seven Pounds,2008,18-Dec-08,
199,Hellboy II: The Golden Army,2008,11-Jul-08,
200,Shutter Island,2010,18-Feb-10,
207,Journey to the Center of the Earth,2008,11-Jul-08,
213,Public Enemies,2009,1-Jul-09,
227,The Informant!,2009,18-Sep-09,
228,Space Chimps,2008,17-Jul-08,
232,Nobody's Fool,2018,2-Nov-18,
234,Get Smart,2008,19-Jun-08,
236,Robin Hood,2010,14-May-10,
246,High School Musical 3: Senior Year,2008,22-Oct-08,
247,Step Brothers,2008,25-Jul-08,
248,Saw V,2008,24-Oct-08,
249,Body of Lies,2008,10-Oct-08,
250,Star Wars: The Clone Wars,2008,15-Aug-08,
251,Nick and Norah's Infinite Playlist,2008,3-Oct-08,
252,Four Christmases,2008,26-Nov-08,
253,The Love Guru,2008,20-Jun-08,
254,9,2009,9-Sep-09,
270,Slumdog Millionaire,2008,30-Aug-08,
271,Underworld: Rise of the Lycans,2009,23-Jan-09,
273,The House Bunny,2008,22-Aug-08,
274,Mamma Mia!,2008,16-Jul-08,
275,Max Payne,2008,16-Oct-08,
277,Watchmen,2009,6-Mar-09,
291,Edge of Darkness,2010,29-Jan-10,
294,The Secret Life of Bees,2008,17-Sep-08,
295,Gran Torino,2008,9-Dec-08,
296,Lakeview Terrace,2008,19-Sep-08,
298,Push,2009,6-Feb-09,
307,Bolt,2008,17-Nov-08,
309,Angels & Demons,2009,15-May-09,
310,Transporter 3,2008,5-Dec-08,
311,Star Trek,2009,7-May-09,
312,Righteous Kill,2008,12-Sep-08,
313,When in Rome,2010,29-Jan-10,
317,Mirrors,2008,15-Aug-08,
323,Knowing,2009,20-Mar-09,
324,Quarantine,2008,10-Oct-08,
331,Welcome Home Roscoe Jenkins,2008,8-Feb-08,
332,Race to Witch Mountain,2009,12-Mar-09,
333,Up,2009,28-May-09,
336,2012,2009,10-Oct-09,
340,Vice,2018,11-Dec-18,
350,Doubt,2008,12-Dec-08,
352,Beverly Hills Chihuahua,2008,17-Sep-08,
353,Fireproof,2008,26-Sep-08,
355,Rings,2017,3-Feb-17,
358,Doctor Strange,2016,4-Nov-16,
359,G.I. Joe: The Rise of Cobra,2009,7-Aug-09,
360,Coraline,2009,6-Feb-09,
367,Mother's Day,2016,13-Apr-16,
380,Hot Pursuit,2015,8-May-15,
399,Defiance,2008,31-Dec-08,
405,Turbo,2013,19-Jul-13,
408,Paul Blart: Mall Cop,2009,15-Jan-09,
409,Role Models,2008,7-Nov-08,
413,Wonder Woman,2017,25-May-17,
415,Hotel for Dogs,2009,16-Jan-09,
419,Alice Through the Looking Glass,2016,27-May-16,
422,The BFG,2016,1-Jul-16,
424,The Woman in Black,2012,3-Feb-12,
426,"I Love You, Man",2009,20-Mar-09,
427,Planet 51,2009,19-Nov-09,
428,Inglourious Basterds,2009,21-Aug-09,
429,The Soloist,2009,24-Apr-09,
430,Obsessed,2009,24-Apr-09,
435,True Grit,2010,22-Dec-10,
436,Duplicity,2009,19-Mar-09,
440,State of Play,2009,17-Apr-09,
442,Year One,2009,19-Jun-09,
443,District 9,2009,14-Aug-09,
444,17 Again,2009,17-Apr-09,
445,Land of the Lost,2009,5-Jun-09,
447,Where the Wild Things Are,2009,16-Oct-09,
450,Drag Me to Hell,2009,15-Mar-09,
451,The Twilight Saga: New Moon,2009,20-Nov-09,
456,The Foreigner,2017,13-Oct-17,
460,The Adventures of Tintin,2011,20-Dec-11,
463,Project X,2012,2-Mar-12,
468,Dunkirk,2017,19-Jul-17,
469,The Haunting in Connecticut,2009,27-Mar-09,
470,The Hangover,2009,5-Jun-09,
472,Coco,2017,22-Nov-17,
476,Neighbors,2014,8-Mar-14,
479,G-Force,2009,21-Jul-09,
480,Zombieland,2009,8-Oct-09,
481,Night at the Museum: Battle of the Smithsonian,2009,21-May-09,
482,Surrogates,2009,25-Sep-09,
483,Avatar,2009,18-Dec-09,
485,Couples Retreat,2009,9-Oct-09,
486,Confessions of a Shopaholic,2009,5-Feb-09,
487,The Final Destination,2009,28-Aug-09,
488,Despicable Me,2010,9-Jul-10,
489,The Taking of Pelham 1 2 3,2009,11-Jun-09,
490,The Book of Eli,2010,11-Jan-10,
492,Hope Springs,2012,7-Aug-12,
496,The Prodigy,2019,8-Feb-19,
497,Funny People,2009,31-Jul-09,
499,(500) Days of Summer,2009,17-Jul-09,
500,The Ugly Truth,2009,24-Jul-09,
501,Dance Flick,2009,22-May-09,
502,Orphan,2009,24-Jul-09,
525,Saw VI,2009,23-Oct-09,
526,Ninja Assassin,2009,29-Sep-09,
527,Law Abiding Citizen,2009,15-Oct-09,
528,It's Complicated,2009,25-Dec-09,
531,Cloudy with a Chance of Meatballs,2009,18-Sep-09,
546,Sisters,2015,18-Dec-15,
554,The Fourth Kind,2009,6-Nov-09,
555,Up in the Air,2009,5-Sep-09,
558,Takers,2010,26-Aug-10,
559,Scott Pilgrim vs. the World,2010,13-Aug-10,
560,Old Dogs,2009,24-Nov-09,
561,Invictus,2009,11-Dec-09,
562,The Blind Side,2009,20-Nov-09,
563,Green Zone,2010,11-Mar-10,
564,Dear John,2010,4-Feb-10,
566,The Cabin in the Woods,2012,11-Dec-11,
567,Tooth Fairy,2010,22-Jan-10,
571,Hot Tub Time Machine,2010,26-Mar-10,
572,The Town,2010,17-Sep-10,
578,Jigsaw,2017,27-Oct-17,
581,Alvin and the Chipmunks: The Squeakquel,2009,23-Dec-09,
583,Unstoppable,2010,12-Nov-10,
586,Into the Woods,2014,8-Dec-14,
590,Kick-Ass,2010,12-Mar-10,
591,Sucker Punch,2011,25-Mar-11,
594,All About Steve,2009,4-Sep-09,
595,Machete,2010,3-Sep-10,
597,Cop Out,2010,26-Feb-10,
598,The Twilight Saga: Eclipse,2010,23-Jun-10,
599,Paranormal Activity,2009,14-Sep-07,
600,The Time Traveler's Wife,2009,14-Aug-09,
601,Julie & Julia,2009,7-Aug-09,
602,Did You Hear About the Morgans?,2009,18-Dec-09,
605,Frozen,2013,19-Nov-13,
607,Crazy Heart,2009,16-Dec-09,
608,The Bounty Hunter,2010,19-Mar-10,
613,The Sorcerer's Apprentice,2010,13-Jul-10,
618,Salt,2010,23-Jul-10,
625,The Expendables,2010,3-Aug-10,
628,Inception,2010,13-Jul-10,
629,The American,2010,1-Sep-10,
634,The Other Guys,2010,6-Aug-10,
636,Rio,2011,15-Apr-11,
640,Red Riding Hood,2011,11-Mar-11,
646,Safe House,2012,10-Feb-12,
648,Killers,2010,4-Jun-10,
652,A Wrinkle in Time,2018,26-Feb-18,
654,Brave,2012,22-Jun-12,
657,Morning Glory,2010,10-Nov-10,
660,The Crazies,2010,26-Feb-10,
661,Get Him to the Greek,2010,4-Jun-10,
662,Valentine's Day,2010,11-Feb-10,
669,Frankenweenie,2012,20-Sep-12,
670,Wall Street: Money Never Sleeps,2010,20-Sep-10,
671,She's Out of My League,2010,12-Mar-10,
672,The A-Team,2010,11-Jun-10,
673,The Back-Up Plan,2010,23-Apr-10,
674,Date Night,2010,8-Apr-10,
678,Predators,2010,3-Jul-10,
687,Resident Evil: Afterlife,2010,10-Sep-10,
688,Letters to Juliet,2010,14-May-10,
689,Super 8,2011,9-Jun-11,
693,The Accountant,2016,10-Oct-16,
695,Easy A,2010,17-Sep-10,
696,Skyfall,2012,9-Nov-12,
697,The Tourist,2010,10-Dec-10,
700,The Social Network,2010,24-Sep-10,
701,Sex and the City 2,2010,27-May-10,
702,The Adjustment Bureau,2011,4-Mar-11,
703,Charlie St. Cloud,2010,1-May-10,
704,Immortals,2011,11-Nov-11,
706,Megamind,2010,4-Nov-10,
707,The Last Exorcism,2010,27-Aug-10,
708,Eat Pray Love,2010,12-Aug-10,
709,Grown Ups,2010,24-Jun-10,
711,Marmaduke,2010,4-Jun-10,
712,Zookeeper,2011,8-Jul-11,
713,"Big Mommas: Like Father, Like Son",2011,18-Feb-11,
714,Transformers: Dark of the Moon,2011,28-Jun-11,
715,Gulliver's Travels,2010,25-Dec-10,
720,Tangled,2010,24-Nov-10,
724,Dinner for Schmucks,2010,30-Jul-10,
725,Little Fockers,2010,21-Dec-10,
727,The Night Before,2015,20-Nov-15,
731,Secretariat,2010,8-Oct-10,
732,Paul,2011,17-Mar-11,
737,Real Steel,2011,6-Oct-11,
738,Contagion,2011,9-Sep-11,
742,Cats & Dogs: The Revenge of Kitty Galore,2010,30-Jul-10,
744,The Sitter,2011,9-Dec-11,
747,Vampires Suck,2010,18-Aug-10,
749,The Secret Life of Walter Mitty,2013,25-Dec-13,
750,The Green Hornet,2011,13-Jan-11,
756,50/50,2011,30-Sep-11,
757,The Switch,2010,20-Aug-10,
762,Saw 3D,2010,28-Oct-10,
763,Legend of the Guardians: The Owls of Ga'Hoole,2010,24-Sep-10,
764,Paranormal Activity 2,2010,21-Oct-10,
765,The Smurfs,2011,24-Jul-11,
766,Yogi Bear,2010,17-Dec-10,
767,Scream 4,2011,11-Apr-11,
768,No Strings Attached,2011,21-Jan-11,
772,Due Date,2010,4-Nov-10,
773,Burlesque,2010,23-Nov-10,
778,The Watch,2012,27-Jul-12,
779,How Do You Know,2010,17-Dec-10,
780,Devil,2010,17-Sep-10,
786,Skyscraper,2018,13-Jul-18,
787,Soul Surfer,2011,8-Apr-11,
788,Black Swan,2010,5-Sep-10,
791,The Boy Next Door,2015,23-Jan-15,
793,The Dilemma,2011,13-Jan-11,
794,Hereafter,2010,22-Oct-10,
795,Hugo,2011,10-Oct-11,
801,The Gambler,2014,25-Dec-14,
803,Battleship,2012,18-May-12,
806,Rango,2011,14-Feb-11,
808,Battle: Los Angeles,2011,8-Mar-11,
809,The Hangover Part II,2011,25-May-11,
810,Green Lantern,2011,17-Jun-11,
811,The King's Speech,2010,6-Sep-10,
812,The Fighter,2010,17-Dec-10,
817,Source Code,2011,1-Apr-11,
819,I Am Number Four,2011,18-Feb-11,
820,Independence Day: Resurgence,2016,24-Jun-16,
821,The Rite,2011,28-Jan-11,
823,A Good Day to Die Hard,2013,14-Feb-13,
825,Peppermint,2018,7-Sep-18,
830,The Judge,2014,10-Oct-14,
832,Cars 2,2011,16-Jun-11,
836,Moana,2016,14-Nov-16,
838,The Debt,2011,31-Aug-11,
843,Dracula Untold,2014,3-Oct-14,
844,Something Borrowed,2011,5-May-11,
845,The Dark Knight Rises,2012,20-Jul-12,
846,Gravity,2013,31-Aug-13,
855,Oblivion,2013,18-Apr-13,
857,The Bourne Legacy,2012,10-Aug-12,
858,The Hobbit: An Unexpected Journey,2012,14-Dec-12,
859,Hall Pass,2011,25-Feb-11,
860,Kung Fu Panda 2,2011,25-May-11,
861,The Croods,2013,22-Mar-13,
862,In Time,2011,28-Oct-11,
865,The Change-Up,2011,5-Aug-11,
866,Man of Steel,2013,14-Jun-13,
868,John Carter,2012,22-Feb-12,
869,The Roommate,2011,4-Feb-11,
876,Inside Out,2015,4-Jun-15,
881,Cowboys & Aliens,2011,29-Jul-11,
882,The Help,2011,10-Aug-11,
883,R.I.P.D.,2013,19-Jul-13,
884,Hop,2011,1-Apr-11,
886,Hanna,2011,8-Apr-11,
887,Super Troopers 2,2018,20-Apr-18,
888,Fast Five,2011,28-Apr-11,
889,Limitless,2011,8-Mar-11,
891,Friends with Benefits,2011,21-Jul-11,
892,X-Men: First Class,2011,25-May-11,
894,That's My Boy,2012,15-Jun-12,
896,The Lincoln Lawyer,2011,18-Mar-11,
897,Star Trek Into Darkness,2013,16-May-13,
899,Elysium,2013,9-Aug-13,
901,Bad Teacher,2011,19-Jun-11,
902,Justin Bieber: Never Say Never,2011,11-Feb-11,
903,Horrible Bosses,2011,8-Jul-11,
904,Alvin and the Chipmunks: Chipwrecked,2011,16-Dec-11,
905,Bridesmaids,2011,28-Apr-11,
909,Overlord,2018,22-Sep-18,
910,Final Destination 5,2011,12-Aug-11,
911,Spy Kids: All the Time in the World,2011,19-Aug-11,
912,"Crazy, Stupid, Love.",2011,19-Jul-11,
913,Water for Elephants,2011,22-Apr-11,
914,The Lone Ranger,2013,3-Jul-13,
918,The Hobbit: The Desolation of Smaug,2013,13-Dec-13,
919,Mission: Impossible - Ghost Protocol,2011,21-Dec-11,
920,Ice Age: Continental Drift,2012,13-Jul-12,
921,War Horse,2011,25-Dec-11,
930,Joy,2015,13-Dec-15,
946,Jumping the Broom,2011,6-May-11,
947,Wrath of the Titans,2012,29-Mar-12,
948,Mr. Popper's Penguins,2011,17-Jun-11,
949,Snow White and the Huntsman,2012,1-Jun-12,
950,Larry Crowne,2011,30-Jun-11,
951,Kick-Ass 2,2013,16-Aug-13,
976,Midnight in Paris,2011,20-May-11,
978,Looper,2012,28-Sep-12,
980,This Means War,2012,17-Feb-12,
989,Moneyball,2011,22-Sep-11,
998,Sherlock Holmes: A Game of Shadows,2011,16-Dec-11,
999,Rise of the Planet of the Apes,2011,4-Aug-11,
1002,The Boss,2016,8-Apr-16,
1003,30 Minutes or Less,2011,12-Aug-11,
1004,Monsters University,2013,21-Jun-13,
1005,Dark Shadows,2012,11-May-12,
1008,Spectre,2015,6-Nov-15,
1009,Mirror Mirror,2012,30-Mar-12,
1013,Dolphin Tale,2011,23-Sep-11,
1015,New Year's Eve,2011,9-Dec-11,
1017,Colombiana,2011,26-Aug-11,
1018,Tower Heist,2011,4-Nov-11,
1019,Extremely Loud & Incredibly Close,2011,24-Dec-11,
1021,Sing,2016,21-Dec-16,
1022,The Muppets,2011,4-Nov-11,
1023,Grudge Match,2013,25-Dec-13,
1024,The Descendants,2011,18-Nov-11,
1026,Happy Feet Two,2011,17-Nov-11,
1027,Think Like a Man,2012,10-Feb-12,
1029,Wind River,2017,21-Jan-17,
1030,Iron Man 3,2013,3-May-13,
1031,Django Unchained,2012,11-Dec-12,
1033,Risen,2016,22-Jan-16,
1034,47 Ronin,2013,25-Dec-13,
1035,Argo,2012,12-Oct-12,
1037,The Hunger Games,2012,23-Mar-12,
1047,The Visit,2015,11-Sep-15,
1071,Pacific Rim,2013,12-Jul-13,
1073,Aquaman,2018,21-Dec-18,
1107,Warcraft,2016,10-Jun-16,
1141,Prometheus,2012,8-Jun-12,
1149,American Reunion,2012,6-Apr-12,
1150,Resident Evil: Retribution,2012,14-Sep-12,
1154,The Iron Lady,2011,30-Dec-11,
1156,Ted,2012,29-Jun-12,
1157,World War Z,2013,21-Jun-13,
1158,The Five-Year Engagement,2012,27-Apr-12,
1159,Courageous,2011,30-Sep-11,
1160,The Vow,2012,10-Feb-12,
1161,G.I. Joe: Retaliation,2013,29-Mar-13,
1162,Lincoln,2012,16-Nov-12,
1165,Journey 2: The Mysterious Island,2012,10-Feb-12,
1166,Paranormal Activity 3,2011,21-Oct-11,
1167,Jack and Jill,2011,11-Nov-11,
1171,Abraham Lincoln: Vampire Hunter,2012,22-Jun-12,
1172,The Artist,2011,14-Oct-11,
1175,The Grey,2012,11-Dec-11,
1176,The Expendables 2,2012,17-Aug-12,
1177,The Wolverine,2013,25-Jul-13,
1178,Jack Reacher,2012,21-Dec-12,
1179,Red Tails,2012,11-Jan-12,
1180,Percy Jackson: Sea of Monsters,2013,7-Aug-13,
1181,The Devil Inside,2012,6-Jan-12,
1182,We Bought a Zoo,2011,23-Dec-11,
1183,The Three Stooges,2012,13-Apr-12,
1185,12 Years a Slave,2013,30-Oct-13,
1186,Act of Valor,2012,24-Feb-12,
1187,Mad Max: Fury Road,2015,7-May-15,
1188,Now You See Me,2013,31-May-13,
1189,What to Expect When You're Expecting,2012,18-May-12,
1190,The Dictator,2012,16-May-12,
1193,Thor: The Dark World,2013,8-Nov-13,
1195,Jupiter Ascending,2015,27-Feb-15,
1196,Contraband,2012,13-Jan-12,
1198,End of Watch,2012,21-Sep-12,
1199,The Lucky One,2012,20-Apr-12,
1201,The Possession,2012,31-Aug-12,
1202,Magic Mike,2012,29-Jun-12,
1203,Walking with Dinosaurs,2013,20-Dec-13,
1204,The Campaign,2012,10-Aug-12,
1207,Hotel Transylvania,2012,28-Sep-12,
1209,Miss Bala,2019,1-Feb-19,
1210,The Smurfs 2,2013,31-Jul-13,
1211,ParaNorman,2012,17-Aug-12,
1218,Puss in Boots,2011,28-Oct-11,
1220,Ender's Game,2013,28-Oct-13,
1221,Jack the Giant Slayer,2013,1-Mar-13,
1222,Rock of Ages,2012,15-Jun-12,
1223,Madagascar 3: Europe's Most Wanted,2012,8-Jun-12,
1226,It,2017,5-Sep-17,
1236,Sinister,2012,11-Mar-12,
1238,Rise of the Guardians,2012,21-Nov-12,
1239,Lawless,2012,29-Aug-12,
1244,Taken 2,2012,4-Oct-12,
1245,Warm Bodies,2013,1-Feb-13,
1246,Gangster Squad,2013,7-Jan-13,
1247,The Guilt Trip,2012,19-Dec-12,
1248,Wreck-It Ralph,2012,2-Nov-12,
1249,Silver Linings Playbook,2012,25-Dec-12,
1250,After Earth,2013,31-May-13,
1252,The Revenant,2015,16-Dec-15,
1254,Mr. Peabody & Sherman,2014,7-Mar-14,
1255,Fast & Furious 6,2013,22-May-13,
1256,Moonrise Kingdom,2012,25-May-12,
1257,Paranormal Activity 4,2012,19-Oct-12,
1258,How to Train Your Dragon 2,2014,13-Jun-14,
1261,Boyhood,2014,19-Jan-14,
1265,The Forest,2016,8-Jan-16,
1268,Step Up Revolution,2012,27-Jul-12,
1281,Riddick,2013,6-Sep-13,
1282,Flight,2012,2-Nov-12,
1292,Black Panther,2018,29-Jan-18,
1301,Noah,2014,26-Mar-14,
1307,Pan,2015,9-Oct-15,
1315,J. Edgar,2011,9-Nov-11,
1316,Life of Pi,2012,21-Nov-12,
1317,Parental Guidance,2012,25-Dec-12,
1319,Despicable Me 2,2013,3-Jul-13,
1320,This Is 40,2012,21-Dec-12,
1321,Transformers: Age of Extinction,2014,27-Jun-14,
1322,Bridget Jones's Baby,2016,16-Sep-16,
1323,Zero Dark Thirty,2012,19-Dec-12,
1324,Avengers: Age of Ultron,2015,1-May-15,
1325,Dumb and Dumber To,2014,14-Nov-14,
1326,Captain America: The Winter Soldier,2014,4-Apr-14,
1331,Truth or Dare,2018,13-Apr-18,
1334,Maleficent,2014,30-May-14,
1335,The Hunger Games: Catching Fire,2013,22-Nov-13,
1336,The Amazing Spider-Man 2,2014,2-May-14,
1337,Ant-Man,2015,29-Jun-15,
1338,The World's End,2013,23-Aug-13,
1339,The Wolf of Wall Street,2013,17-Dec-13,
1341,42,2013,12-Apr-13,
1343,Identity Thief,2013,9-Feb-13,
1344,Anchorman 2: The Legend Continues,2013,18-Dec-13,
1345,The Hangover Part III,2013,23-May-13,
1346,The Good Dinosaur,2015,25-Nov-15,
1347,Grown Ups 2,2013,12-Jul-13,
1348,Captain Phillips,2013,11-Oct-13,
1349,Cloudy with a Chance of Meatballs 2,2013,27-Sep-13,
1350,Safe Haven,2013,14-Feb-13,
1351,Pitch Perfect,2012,28-Sep-12,
1352,The Internship,2013,7-Jun-13,
1354,White House Down,2013,28-Jun-13,
1355,Epic,2013,24-May-13,
1358,Sicario,2015,14-Sep-15,
1359,Olympus Has Fallen,2013,18-Mar-13,
1360,Dawn of the Planet of the Apes,2014,11-Jul-14,
1361,Guardians of the Galaxy,2014,1-Aug-14,
1362,The Mortal Instruments: City of Bones,2013,21-Aug-13,
1363,The Grand Budapest Hotel,2014,7-Mar-14,
1364,The Hobbit: The Battle of the Five Armies,2014,17-Dec-14,
1365,Assassin's Creed,2016,21-Dec-16,
1367,When the Bough Breaks,2016,9-Sep-16,
1370,Home Again,2017,8-Sep-17,
1371,X-Men: Days of Future Past,2014,23-May-14,
1372,Finding Dory,2016,8-Jun-16,
1375,The Dark Tower,2017,4-Aug-17,
1376,Alien: Covenant,2017,19-May-17,
1378,Get Out,2017,23-Jan-17,
1379,The Hunger Games: Mockingjay - Part 1,2014,21-Nov-14,
1380,Mama,2013,18-Jan-13,
1400,Snitch,2013,22-Feb-13,
1402,The Hunger Games: Mockingjay - Part 2,2015,16-Nov-15,
1403,2 Guns,2013,2-Aug-13,
1404,Need for Speed,2014,14-Mar-14,
1406,Jurassic World,2015,9-Jun-15,
1427,Last Vegas,2013,1-Nov-13,
1429,Pixels,2015,24-Jul-15,
1430,Smurfs: The Lost Village,2017,7-Apr-17,
1431,The Heat,2013,28-Jun-13,
1432,Edge of Tomorrow,2014,6-Jun-14,
1433,Trolls,2016,4-Nov-16,
1434,The Conjuring,2013,19-Jul-13,
1435,We're the Millers,2013,7-Aug-13,
1436,The Expendables 3,2014,15-Aug-14,
1437,Kung Fu Panda 3,2016,29-Jan-16,
1439,Ouija,2014,24-Oct-14,
1442,Saving Mr. Banks,2013,20-Dec-13,
1443,Jack Ryan: Shadow Recruit,2014,17-Jan-14,
1444,A Haunted House,2013,11-Jan-13,
1446,Muppets Most Wanted,2014,21-Mar-14,
1448,Black Mass,2015,18-Sep-15,
1451,Star Wars: The Force Awakens,2015,14-Dec-15,
1452,Prisoners,2013,21-Sep-13,
1456,Exodus: Gods and Kings,2014,12-Dec-14,
1458,The Finest Hours,2016,29-Jan-16,
1459,Delivery Man,2013,22-Nov-13,
1461,Planes,2013,9-Aug-13,
1463,The Best Man Holiday,2013,15-Nov-13,
1464,Justice League,2017,13-Nov-17,
1465,The Monuments Men,2014,7-Feb-14,
1466,Dallas Buyers Club,2013,22-Nov-13,
1468,Interstellar,2014,26-Oct-14,
1469,August: Osage County,2013,8-Oct-13,
1470,Oculus,2014,3-Apr-14,
1472,The Purge,2013,6-Jun-13,
1473,The Equalizer,2014,26-Sep-14,
1474,The Angry Birds Movie,2016,20-May-16,
1475,Blue Jasmine,2013,22-Jul-13,
1476,Hotel Transylvania 2,2015,25-Sep-15,
1478,Snatched,2017,12-May-17,
1480,Furious 7,2015,3-Apr-15,
1481,Ride Along,2014,17-Jan-14,
1486,American Hustle,2013,12-Dec-13,
1487,Tomorrowland,2015,9-May-15,
1490,Brooklyn,2015,26-Jan-15,
1492,A Walk Among the Tombstones,2014,19-Sep-14,
1493,The Boxtrolls,2014,26-Sep-14,
1494,How to Train Your Dragon: The Hidden World,2019,22-Feb-19,
1495,Pirates of the Caribbean: Dead Men Tell No Tales,2017,26-May-17,
1496,Rio 2,2014,11-Apr-14,
1497,Mission: Impossible - Rogue Nation,2015,31-Jul-15,
1499,Free Birds,2013,1-Nov-13,
1500,Think Like a Man Too,2014,20-Jun-14,
1501,Star Wars: The Last Jedi,2017,9-Dec-17,
1502,Big Hero 6,2014,25-Oct-14,
1503,Night at the Museum: Secret of the Tomb,2014,19-Dec-14,
1504,Entourage,2015,3-Jun-15,
1505,A Million Ways to Die in the West,2014,30-May-14,
1506,American Sniper,2014,11-Nov-14,
1507,Star Trek Beyond,2016,22-Jul-16,
1509,The Lazarus Effect,2015,27-Feb-15,
1510,22 Jump Street,2014,4-Jun-14,
1511,Lone Survivor,2013,24-Dec-13,
1520,Birdman,2014,17-Oct-14,
1524,Million Dollar Arm,2014,16-May-14,
1525,Let's Be Cops,2014,13-Aug-14,
1526,3 Days to Kill,2014,14-Feb-14,
1527,The Maze Runner,2014,19-Sep-14,
1532,Nerve,2016,27-Jul-16,
1534,Draft Day,2014,11-Apr-14,
1535,In the Heart of the Sea,2015,7-Dec-15,
1536,The Imitation Game,2014,29-Aug-14,
1538,Gods of Egypt,2016,24-Feb-16,
1540,Southpaw,2015,24-Jul-15,
1542,Suicide Squad,2016,1-Aug-16,
1543,Chappie,2015,6-Mar-15,
1544,Batman v Superman: Dawn of Justice,2016,20-Mar-16,
1546,Fist Fight,2017,17-Feb-17,
1547,Philomena,2013,27-Nov-13,
1548,Crimson Peak,2015,25-Sep-15,
1549,Jackass Presents: Bad Grandpa,2013,25-Oct-13,
1550,Gone Girl,2014,26-Sep-14,
1553,Us,2019,22-Mar-19,
1555,Minions,2015,10-Jul-15,
1556,Jersey Boys,2014,20-Jun-14,
1557,Chef,2014,7-Mar-14,
1559,Fifty Shades of Grey,2015,13-Feb-15,
1568,Ted 2,2015,26-Jun-15,
1569,Planes: Fire & Rescue,2014,18-Jul-14,
1570,"Alexander and the Terrible, Horrible, No Good, Very Bad Day",2014,10-Oct-14,
1571,Aloha,2015,29-May-15,
1576,Searching,2018,18-Jan-18,
1577,Sausage Party,2016,14-Mar-16,
1578,Non-Stop,2014,28-Feb-14,
1581,That Awkward Moment,2014,31-Jan-14,
1582,Sex Tape,2014,18-Jul-14,
1583,The Giver,2014,11-Aug-14,
1584,Horrible Bosses 2,2014,26-Nov-14,
1585,Unbroken,2014,25-Dec-14,
1587,Paranormal Activity: The Marked Ones,2014,3-Jan-14,
1588,Tammy,2014,3-Jul-14,
1589,The Nut Job,2014,17-Jan-14,
1590,Dolphin Tale 2,2014,12-Sep-14,
1591,Project Almanac,2015,30-Jan-15,
1592,The Hundred-Foot Journey,2014,8-Aug-14,
1594,A Walk in the Woods,2015,2-Sep-15,
1599,Alpha,2018,17-Aug-18,
1603,Blended,2014,23-May-14,
1604,The SpongeBob Movie: Sponge Out of Water,2015,6-Feb-15,
1605,When the Game Stands Tall,2014,22-Aug-14,
1606,The Longest Ride,2015,10-Apr-15,
1607,Son of God,2014,28-Feb-14,
1610,Lights Out,2016,8-Jun-16,
1613,Heaven is for Real,2014,3-Apr-14,
1614,Earth to Echo,2014,2-Jul-14,
1615,The Peanuts Movie,2015,19-Oct-15,
1616,The Purge: Anarchy,2014,18-Jul-14,
1618,War Dogs,2016,19-Aug-16,
1620,Spy,2015,5-Jun-15,
1623,Run All Night,2015,13-Mar-15,
1624,The Best of Me,2014,17-Oct-14,
1625,St. Vincent,2014,31-Oct-14,
1626,Nightcrawler,2014,31-Oct-14,
1643,John Wick,2014,24-Oct-14,
1660,If I Stay,2014,22-Aug-14,
1662,Arrival,2016,2-Sep-16,
1664,Hitman: Agent 47,2015,21-Aug-15,
1665,X-Men: Apocalypse,2016,27-May-16,
1666,God's Not Dead,2014,21-Mar-14,
1667,Annabelle,2014,29-Sep-14,
1668,The Wedding Ringer,2015,16-Jan-15,
1670,The Mule,2018,10-Dec-18,
1671,Pitch Perfect 2,2015,15-May-15,
1672,Get Hard,2015,27-Mar-15,
1673,Paul Blart: Mall Cop 2,2015,17-Apr-15,
1674,The Intern,2015,25-Sep-15,
1675,The Legend of Tarzan,2016,27-Jun-16,
1676,San Andreas,2015,29-May-15,
1677,The Conjuring 2,2016,10-Jun-16,
1678,How to Be Single,2016,12-Feb-16,
1679,Goosebumps,2015,16-Oct-15,
1683,Ex Machina,2015,14-Mar-15,
1684,Magic Mike XXL,2015,1-Jul-15,
1685,The Theory of Everything,2014,26-Nov-14,
1687,London Has Fallen,2016,4-Mar-16,
1688,The Second Best Exotic Marigold Hotel,2015,6-Mar-15,
1689,Cars 3,2017,23-May-17,
1691,Incredibles 2,2018,5-Jun-18,
1692,Zootopia,2016,4-Mar-16,
1693,Captain Underpants: The First Epic Movie,2017,2-Jun-17,
1700,Ad Astra,2019,20-Sep-19,
1703,Penguins of Madagascar,2014,26-Nov-14,
1704,Captain America: Civil War,2016,12-Apr-16,
1705,Trainwreck,2015,15-Mar-15,
1707,Selma,2014,11-Nov-14,
1719,"Hail, Caesar!",2016,5-Feb-16,
1720,The DUFF,2015,11-Feb-15,
1721,Daddy's Home,2015,25-Dec-15,
1725,The Hateful Eight,2015,7-Dec-15,
1726,The Last Witch Hunter,2015,23-Oct-15,
1727,Geostorm,2017,20-Oct-17,
1728,Straight Outta Compton,2015,11-Aug-15,
1729,Ricki and the Flash,2015,7-Aug-15,
1733,Unfriended,2015,13-Mar-15,
1735,Gifted,2017,12-Apr-17,
1737,Miss Peregrine's Home for Peculiar Children,2016,25-Sep-16,
1738,Sinister 2,2015,21-Aug-15,
1739,Paper Towns,2015,24-Jul-15,
1740,Ice Age: Collision Course,2016,22-Jul-16,
1742,Don't Breathe,2016,12-Mar-16,
1743,The Martian,2015,27-Sep-15,
1744,Krampus,2015,4-Dec-15,
1756,War for the Planet of the Apes,2017,10-Jul-17,
1757,Thor: Ragnarok,2017,10-Oct-17,
1758,King Arthur: Legend of the Sword,2017,27-Apr-17,
1759,Guardians of the Galaxy Vol. 2,2017,5-May-17,
1760,The Nice Guys,2016,20-May-16,
1761,Now You See Me 2,2016,10-Jun-16,
1762,The Mountain Between Us,2017,6-Oct-17,
1763,The Bye Bye Man,2017,13-Jan-17,
1764,Dirty Grandpa,2016,22-Jan-16,
1765,Shazam!,2019,23-Mar-19,
1766,The Huntsman: Winter's War,2016,22-Apr-16,
1769,Widows,2018,16-Nov-18,
1770,Maze Runner: The Scorch Trials,2015,18-Sep-15,
1771,The Age of Adaline,2015,24-Apr-15,
1772,Deadpool,2016,12-Feb-16,
1773,Me Before You,2016,3-Jun-16,
1774,Vacation,2015,29-Jul-15,
1776,Bridge of Spies,2015,16-Oct-15,
1777,Kong: Skull Island,2017,10-Mar-17,
1778,Avengers: Endgame,2019,22-Apr-19,
1779,The 5th Wave,2016,15-Jan-16,
1780,Avengers: Infinity War,2018,23-Apr-18,
1781,Annihilation,2018,13-Feb-18,
1785,Deepwater Horizon,2016,30-Sep-16,
1786,The Boss Baby,2017,12-Mar-17,
1787,13 Hours: The Secret Soldiers of Benghazi,2016,15-Jan-16,
1788,My Big Fat Greek Wedding 2,2016,25-Mar-16,
1789,The Gallows,2015,10-Jul-15,
1790,Central Intelligence,2016,17-Jun-16,
1791,Toy Story 4,2019,11-Jun-19,
1792,Downsizing,2017,28-Sep-17,
1793,Money Monster,2016,13-May-16,
1794,The Perfect Guy,2015,11-Sep-15,
1795,Woman in Gold,2015,10-Apr-15,
1796,Creed,2015,25-Nov-15,
1798,Teenage Mutant Ninja Turtles: Out of the Shadows,2016,3-Jun-16,
1799,La La Land,2016,2-Sep-16,
1800,The Witch,2016,23-Jan-15,
1802,Kubo and the Two Strings,2016,19-Aug-16,
1803,Florence Foster Jenkins,2016,12-Aug-16,
1804,Spotlight,2015,5-Sep-15,
1806,The Greatest Showman,2017,8-Dec-17,
1807,Ride Along 2,2016,15-Jan-16,
1808,Dark Phoenix,2019,7-Jun-19,
1809,The Big Short,2015,12-Nov-15,
1810,Spider-Man: Homecoming,2017,7-Jul-17,
1811,Jason Bourne,2016,29-Jul-16,
1812,Hacksaw Ridge,2016,4-Nov-16,
1813,War Room,2015,28-Aug-15,
1814,Mike and Dave Need Wedding Dates,2016,8-Jul-16,
1815,The Purge: Election Year,2016,1-Jul-16,
1816,Zoolander 2,2016,12-Feb-16,
1817,The Shallows,2016,24-Jun-16,
1818,Storks,2016,23-Sep-16,
1819,10 Cloverfield Lane,2016,8-Mar-16,
1820,Rogue One: A Star Wars Story,2016,10-Dec-16,
1821,Barbershop: The Next Cut,2016,15-Apr-16,
1822,Ready Player One,2018,11-Mar-18,
1823,Neighbors 2: Sorority Rising,2016,20-May-16,
1824,Despicable Me 3,2017,30-Jun-17,
1825,The Secret Life of Pets,2016,8-Jul-16,
1826,Ouija: Origin of Evil,2016,21-Oct-16,
1827,Blade Runner 2049,2017,3-Oct-17,
1828,Transformers: The Last Knight,2017,21-Jun-17,
1829,Fifty Shades Freed,2018,9-Feb-18,
1830,Love the Coopers,2015,13-Nov-15,
1831,American Made,2017,29-Sep-17,
1832,Lion,2016,30-Sep-16,
1835,The Fate of the Furious,2017,14-Apr-17,
1836,Fantastic Beasts: The Crimes of Grindelwald,2018,16-Nov-18,
1838,Maze Runner: The Death Cure,2018,26-Jan-18,
1839,The Nut Job 2: Nutty by Nature,2017,11-Aug-17,
1840,Hell or High Water,2016,12-Aug-16,
1841,Baby Driver,2017,11-Mar-17,
1842,Tomb Raider,2018,16-Mar-18,
1843,Manchester by the Sea,2016,23-Jan-16,
1844,Valerian and the City of a Thousand Planets,2017,17-Jul-17,
1845,Miracles from Heaven,2016,18-Mar-16,
1848,Book Club,2018,6-May-18,
1849,Jack Reacher: Never Go Back,2016,21-Oct-16,
1850,Kevin Hart: What Now?,2016,14-Oct-16,
1851,Fifty Shades Darker,2017,10-Feb-17,
1852,Baywatch,2017,26-May-17,
1853,Kingsman: The Golden Circle,2017,22-Sep-17,
1855,Hostiles,2017,2-Sep-17,
1856,The Equalizer 2,2018,20-Jul-18,
1857,Collateral Beauty,2016,16-Dec-16,
1858,The Shack,2017,3-Mar-17,
1860,Atomic Blonde,2017,12-Mar-17,
1862,Jurassic World: Fallen Kingdom,2018,22-Jun-18,
1863,Mission: Impossible - Fallout,2018,27-Jul-18,
1864,Pitch Perfect 3,2017,22-Dec-17,
1865,Solo: A Star Wars Story,2018,10-May-18,
1866,"Three Billboards Outside Ebbing, Missouri",2017,21-Sep-17,
1867,Jumanji: Welcome to the Jungle,2017,11-Dec-17,
1870,Glass,2019,18-Jan-19,
1873,Sully,2016,2-Sep-16,
1874,Ant-Man and the Wasp,2018,25-Jun-18,
1875,Why Him?,2016,23-Dec-16,
1876,First Man,2018,12-Oct-18,
1878,Allied,2016,23-Nov-16,
1879,Ferdinand,2017,11-Nov-17,
1881,Fences,2016,16-Dec-16,
1882,The Meg,2018,30-Jul-18,
1898,The Favourite,2018,1-Sep-18,
1899,Godzilla: King of the Monsters,2019,31-May-19,
1915,Sherlock Gnomes,2018,23-Mar-18,
1931,Bad Moms,2016,29-Jul-16,
1932,Boo! A Madea Halloween,2016,21-Oct-16,
1933,The Emoji Movie,2017,23-Jul-17,
1934,Hidden Figures,2016,10-Dec-16,
1935,Peter Rabbit,2018,9-Feb-18,
1936,A Dog's Purpose,2017,27-Jan-17,
1937,"I, Tonya",2017,19-Oct-17,
1938,Office Christmas Party,2016,9-Dec-16,
1940,A Quiet Place,2018,9-Mar-18,
1942,Patriots Day,2016,17-Nov-16,
1943,Fast & Furious Presents: Hobbs & Shaw,2019,13-Jul-19,
1945,Long Shot,2019,9-Mar-19,
1948,Rough Night,2017,16-Jun-17,
1949,Annabelle: Creation,2017,19-Jun-17,
1950,Deadpool 2,2018,10-May-18,
1951,The Commuter,2018,8-Jan-18,
1953,Logan Lucky,2017,18-Aug-17,
1954,Molly's Game,2017,11-Oct-17,
1955,The Hitman's Bodyguard,2017,18-Aug-17,
1956,The Shape of Water,2017,2-Sep-17,
1957,Lady Bird,2017,1-Sep-17,
1958,Alita: Battle Angel,2019,14-Feb-19,
1959,Wonder Park,2019,15-Mar-19,
1960,Mary Poppins Returns,2018,29-Nov-18,
1961,Phantom Thread,2017,11-Dec-17,
1962,Red Sparrow,2018,15-Feb-18,
1963,All Eyez on Me,2017,16-Jun-17,
1964,Sicario: Day of the Soldado,2018,29-Jun-18,
1966,Ralph Breaks the Internet,2018,5-Nov-18,
1967,47 Meters Down,2017,16-Jun-17,
1968,Hotel Transylvania 3: Summer Vacation,2018,30-Jun-18,
1969,American Assassin,2017,6-Sep-17,
1970,The Big Sick,2017,20-Jan-17,
1972,"Everything, Everything",2017,19-May-17,
1973,Darkest Hour,2017,1-Sep-17,
1975,Girls Trip,2017,14-Jun-17,
1976,Winchester,2018,2-Feb-18,
1978,Insidious: The Last Key,2018,5-Jan-18,
1979,Daddy's Home 2,2017,10-Nov-17,
1980,The Secret Life of Pets 2,2019,7-Jun-19,
1981,Bumblebee,2018,21-Dec-18,
1982,Captive State,2019,15-Mar-19,
1983,The Nutcracker and the Four Realms,2018,2-Nov-18,
1984,Spider-Man: Far from Home,2019,26-Jun-19,
1985,Bohemian Rhapsody,2018,30-Oct-18,
1988,Escape Room,2019,4-Jan-19,
1989,A Bad Moms Christmas,2017,30-Oct-17,
1991,Tag,2018,15-Jun-18,
1992,Slender Man,2018,10-Aug-18,
1993,12 Strong,2018,19-Jan-18,
1994,Blockers,2018,10-Mar-18,
1995,The Nun,2018,7-Sep-18,
1996,White Boy Rick,2018,31-Aug-18,
1997,Fighting with My Family,2019,28-Jan-19,
1998,Game Night,2018,23-Feb-18,
1999,The Post,2017,22-Dec-17,
2001,Happy Death Day,2017,13-Oct-17,
2002,Cold Pursuit,2019,8-Feb-19,
2003,Den of Thieves,2018,19-Jan-18,
2004,The First Purge,2018,4-Jul-18,
2005,All the Money in the World,2017,25-Dec-17,
2006,Gemini Man,2019,11-Oct-19,
2007,The 15:17 to Paris,2018,9-Feb-18,
2008,The Upside,2019,7-Oct-17,
2009,Crazy Rich Asians,2018,7-Aug-18,
2010,"Love, Simon",2018,16-Mar-18,
2012,Goosebumps 2: Haunted Halloween,2018,12-Oct-18,
2013,The Spy Who Dumped Me,2018,25-Jul-18,
2014,I Feel Pretty,2018,20-Apr-18,
2016,Uncle Drew,2018,29-Jun-18,
2017,Mamma Mia! Here We Go Again,2018,20-Jul-18,
2019,The Hate U Give,2018,19-Oct-18,
2020,What Men Want,2019,8-Feb-19,
2022,A Simple Favor,2018,14-Sep-18,
2024,Creed II,2018,14-Nov-18,
2026,John Wick: Chapter 3 - Parabellum,2019,9-May-19,
2027,Second Act,2018,21-Dec-18,
2028,Green Book,2018,16-Nov-18,
2029,Instant Family,2018,16-Nov-18,
2030,Booksmart,2019,11-Mar-19,
2031,Hereditary,2018,21-Jan-18,
2033,BlacKkKlansman,2018,30-Jul-18,
2034,A Dog's Way Home,2019,11-Jan-19,
2035,Good Boys,2019,11-Mar-19,
2038,The Angry Birds Movie 2,2019,14-Aug-19,
2040,Stuber,2019,13-Mar-19,
2042,Rambo: Last Blood,2019,20-Sep-19,
2043,Little,2019,12-Apr-19,
2044,Happy Death Day 2U,2019,13-Feb-19,
2051,Downton Abbey,2019,20-Sep-19,
2052,Brightburn,2019,24-May-19,
2054,Midsommar,2019,18-Jun-19,